apo_name,apo_chain,protein_id,family50_id
1CA3,A,0,0
1CAN,A,0,0
5ZXW,A,0,0
3MNJ,A,0,0
5CA2,A,0,0
1ZSA,A,0,0
1CAK,A,0,0
12CA,A,0,0
1UGD,A,0,0
3MNH,A,0,0
1CAJ,A,0,0
1HED,A,0,0
1CNH,A,0,0
1UGF,A,0,0
2NXR,A,0,0
1HEA,A,0,0
1CCT,A,0,0
1UGB,A,0,0
3MNI,A,0,0
1CVA,A,0,0
1LZV,A,0,0
3DVD,A,0,0
6CA2,A,0,0
1CAL,A,0,0
9CA2,A,0,0
3MNK,A,0,0
1CAI,A,0,0
1CNJ,A,0,0
1TH9,A,0,0
1HEB,A,0,0
3DVC,A,0,0
1DCA,A,0,0
1G3Z,A,0,0
3RG4,A,0,0
1TG3,A,0,0
1H9Q,A,0,0
3TVN,X,0,0
1CNI,A,0,0
1CNG,A,0,0
1H9N,A,0,0
1BIC,A,0,0
1UGE,A,0,0
1CCU,A,0,0
4QK1,A,0,0
4YGJ,A,0,0
3RLD,A,0,0
3DV7,A,0,0
1CCS,A,0,0
7CA2,A,0,0
1CVF,A,0,0
1HEC,A,0,0
1CVC,A,0,0
3DVB,A,0,0
1CVE,A,0,0
1CNK,A,0,0
8CA2,A,0,0
1UGC,A,0,0
1UGA,A,0,0
2NWO,A,0,0
3RG3,A,0,0
2NWY,A,0,0
1CNB,A,0,0
1HVA,A,0,0
3RGE,A,0,0
1MUA,A,0,0
2FNK,A,0,0
1FQL,A,0,0
1YO0,A,0,0
1LG5,A,0,0
3M1Q,A,0,0
1CVD,A,0,0
1CVH,A,0,0
2FNM,A,0,0
5J80,A,1,1
2K5B,A,1,1
6GP4,A,1,1
8B7I,A,1,1
2WB8,A,2,2
4F5W,A,3,3
6NT5,A,4,3
8GSZ,A,5,3
1KXQ,A,6,4
2OUV,A,7,5
7YSV,A,8,6
7LVT,A,9,6
7YSJ,A,10,6
5GKY,B,11,7
2PPP,A,11,7
2PPO,A,11,7
1EYM,A,11,7
8JGA,A,12,8
7EPD,A,13,9
1OS2,A,14,7
3BA0,A,14,7
2K9C,A,14,7
6NTP,A,15,7
2F6F,A,15,7
3SME,A,15,7
5KA4,A,15,7
4QBE,A,15,7
7KEN,A,15,7
8U1E,A,15,7
4BJO,A,15,7
6CWU,A,15,7
6CWV,A,15,7
1I57,A,15,7
1PA1,A,15,7
7L0C,A,15,7
3A5K,A,15,7
3ZV2,A,15,7
8EXK,A,15,7
1PYT,B,16,10
1ARL,A,16,10
3EH0,A,17,11
3PH5,A,18,12
6NKQ,A,18,12
1BEB,A,18,12
7KS0,B,19,6
1TDA,A,20,13
1BO8,A,20,13
1BO7,A,20,13
1C5M,D,21,14
7TPP,B,21,14
1HCG,A,22,14
5ZA4,A,23,15
1LSG,A,24,16
4YEO,A,24,16
193L,A,24,16
1HEO,A,24,16
1IR8,A,24,16
1IR7,A,24,16
1IR9,A,24,16
1HEM,A,24,16
2IFF,Y,24,16
1HER,A,24,16
1IOT,A,24,16
1KXW,A,24,16
1LSY,A,24,16
1LZD,A,24,16
6F1L,A,24,16
1FLY,A,24,16
1FLW,A,24,16
1FLQ,A,24,16
1FN5,A,24,16
1FLU,A,24,16
1KXY,A,24,16
3QY4,A,24,16
1NBY,C,24,16
1NBZ,C,24,16
1NDG,C,24,16
1IOS,A,24,16
3OK0,A,24,16
3WVX,A,24,16
1A2Y,C,24,16
1UID,A,24,16
1UIC,A,24,16
1UIE,A,24,16
1UIF,A,24,16
2Y8O,A,25,17
5ETC,A,26,17
5ETI,A,26,17
2LGC,A,26,17
5ETF,A,25,17
4E5A,X,27,17
4MD7,E,28,18
4MD8,E,28,18
2R7I,A,29,18
5ZN5,A,28,18
4DGL,C,28,18
4MD9,E,28,18
1NA7,A,28,18
5ZN0,A,28,18
6BN8,C,30,19
4PVL,A,31,7
3CFM,A,31,7
3I9P,A,31,7
1BZD,A,31,7
7Q3I,AAA,31,7
4ANK,A,31,7
1DVQ,A,31,7
1TTR,A,31,7
8PKE,A,32,7
4N85,A,31,7
8JQW,A,33,7
7Y1I,A,31,7
8W1N,A,31,7
7WL6,A,31,7
4TL4,A,31,7
8JOK,A,31,7
1X7S,A,31,7
5CLZ,A,31,7
5FW6,A,31,7
5FW7,A,31,7
5FW8,A,31,7
1TSH,A,31,7
1BZE,A,31,7
4TNG,A,31,7
3CXF,A,31,7
2G3Z,A,31,7
3BT0,A,31,7
6KGB,A,31,7
5DEJ,A,31,7
5FO2,A,31,7
4MRC,A,31,7
8W2W,A,31,7
2G3X,A,31,7
4TL5,A,31,7
2TRY,A,31,7
8E7E,A,34,7
1X7T,A,35,7
8E7I,A,36,7
8PKF,A,37,7
3DJR,A,31,7
8JNU,A,33,7
1III,A,31,7
4TKW,A,31,7
1QWH,A,38,7
4TM9,A,31,7
2TRH,A,31,7
1BZ8,A,31,7
3U2I,A,31,7
1DFC,A,39,20
2R9P,A,40,21
4DG4,A,40,21
3TCF,A,41,22
3LVZ,A,42,23
2GMN,A,42,23
6BBR,A,43,24
6NP1,A,43,24
6XR6,A,44,25
1A30,A,45,26
1GUB,A,46,27
5JTL,E,47,28
3BDG,B,48,28
1ED8,A,47,28
1ELX,A,47,28
2G9Y,A,47,28
5C66,A,47,28
3BDH,A,47,28
3CMR,A,47,28
1ELZ,A,47,28
1HQA,A,47,28
1ELY,A,47,28
1ALI,A,47,28
3DYC,A,47,28
3BDF,A,48,28
1AJA,A,48,28
1Y7A,A,47,28
1URA,A,47,28
1ANJ,A,47,28
2ANH,A,47,28
1ALH,A,47,28
1ANI,A,47,28
4KM4,A,47,28
3RGR,A,49,29
2OQJ,A,50,7
4NHG,B,50,7
2BIT,X,51,30
3QYU,A,51,30
1I09,A,52,31
5LDI,A,53,32
5K38,A,54,33
2KBW,A,55,34
5JSB,A,55,34
2PQK,A,56,34
5C6H,A,55,34
6ZIE,B,57,34
4HW4,A,55,34
6QFI,A,56,34
5UUM,A,55,34
6MBD,A,55,34
2MHS,A,55,34
3PK1,A,58,34
6MBE,A,55,34
7XGE,B,55,34
2DH4,A,59,35
5ZN4,A,28,18
5ZN3,A,60,18
5ZN2,A,60,18
1OZM,A,61,36
3HFY,A,62,36
1WKD,A,61,36
1WKE,A,61,36
1WKF,A,61,36
4DY1,A,63,36
5KK2,A,10,6
5IDE,A,10,6
8P3Y,A,10,6
8P3X,A,10,6
8FPS,A,10,6
8FP4,A,10,6
2ZWY,A,64,37
1E1A,A,65,7
2IAO,A,65,7
2IAP,A,65,7
2IAX,A,65,7
2IAQ,A,65,7
3LI3,A,65,7
2IAW,A,65,7
2IAU,A,65,7
2IAS,A,65,7
2GVX,A,65,7
2IAV,A,65,7
2GVU,A,65,7
2IAT,A,65,7
2IAR,A,65,7
3LI4,A,65,7
3G03,A,66,38
1YCR,A,66,38
1T4F,M,66,38
7AYE,A,66,38
1Z1M,A,66,38
2M86,B,66,38
2MPS,A,66,38
8BGU,F,67,39
3EQS,A,66,38
3PXG,A,68,40
2K77,A,69,40
3PXI,A,70,40
3J3R,A,71,40
3J3T,A,71,40
3J3S,A,71,40
2EJX,A,72,41
2HVV,A,73,42
1CFP,A,74,7
1PSB,A,74,7
1MHO,A,74,7
5UFB,A,75,43
1H05,A,76,44
4CKZ,A,77,44
1KV6,A,78,45
1TFC,A,78,45
1JAN,A,79,7
8C09,A,80,46
3FGN,A,81,47
1M9E,A,82,30
1AK4,A,82,30
1AWQ,A,82,30
3K0O,A,82,30
3K0R,A,82,30
7TA8,A,82,30
2PHI,A,83,48
1YH2,A,84,49
6R75,A,84,49
1BTP,A,85,21
1EZX,C,86,21
6MRQ,A,85,21
1OPH,B,85,21
3VEQ,B,85,21
1TAW,A,85,21
7T0J,B,87,7
1Q9K,B,88,7
1SLM,A,89,7
1QIA,A,89,7
1QIC,A,89,7
2RFJ,A,90,19
6O20,F,91,7
3EWT,A,92,7
4HEX,A,93,7
7XNI,C,91,7
4E50,A,94,7
4DJC,A,91,7
5DOW,A,91,7
1ZUZ,A,91,7
4E53,A,95,7
1IQ5,A,92,7
6X33,C,96,7
2VAY,A,91,7
6BNV,O,92,7
1CDM,A,97,7
6MUE,A,98,7
3WFN,B,99,7
2LGF,A,91,7
4GOW,D,100,7
1CDL,A,92,7
7T2Q,A,92,7
5DBR,A,91,7
6X32,C,101,7
2N6A,A,92,7
2F2O,A,98,7
5WSU,A,102,7
5WSV,A,103,7
1XFU,O,91,7
1DMO,A,91,7
6U3A,A,92,7
6DAF,A,92,7
5JTH,A,91,7
6XXX,AAA,91,7
1K93,D,92,7
6DAH,A,92,7
2K0J,A,91,7
6U39,A,104,7
6U3B,A,92,7
8BD2,A,105,7
7VVD,C,92,7
4QNH,R,92,7
6DAE,A,92,7
7VVH,C,92,7
6XY3,AAA,92,7
6DAD,A,92,7
6U3D,A,92,7
8EOW,E,92,7
4IL1,A,106,7
3IFK,A,105,7
2LLO,A,105,7
3UCT,A,105,7
2LQC,A,105,7
7CQP,B,105,7
1F70,A,105,7
3B32,A,105,7
1AK8,A,105,7
1YRT,B,105,7
1CMF,A,105,7
1FW4,A,105,7
1F71,A,105,7
5EMT,A,107,50
1KPB,A,107,50
5IPB,A,107,50
8WZD,A,107,50
5WAA,A,107,50
7L5W,A,108,51
7K57,A,109,51
8B5R,A,109,51
5C19,A,109,51
8RS9,A,109,51
8R0E,A,109,51
1CTN,A,110,52
1EDQ,A,110,52
1ZKJ,A,111,53
2NWN,A,112,54
4IPG,A,113,55
2B29,A,113,55
5N8A,A,113,55
7XUW,A,113,55
7XUT,A,113,55
7XV0,A,113,55
7XV4,A,113,55
7XUV,A,113,55
5EAY,A,113,55
8RK2,A,114,7
1EWI,A,113,55
7MW8,A,115,56
2GSN,A,115,56
6MKX,A,116,57
7YQE,A,117,7
2I6Y,A,118,7
3R1G,B,119,7
1SGZ,A,120,7
3TPJ,A,121,7
2ZCO,A,122,58
5IDE,B,123,6
2B6T,A,124,7
1L94,A,124,7
1L93,A,124,7
1L92,A,124,7
1C6P,A,124,7
1P56,A,124,7
1L91,A,124,7
1JTM,A,124,7
1C6L,A,124,7
4HTT,A,125,59
6XMV,A,124,7
4YXC,A,124,7
6LB8,A,124,7
5VBA,A,124,7
7XB5,A,124,7
5GLH,A,124,7
6LRY,A,124,7
4RWS,A,124,7
4ZWJ,A,124,7
1E0W,A,126,60
1XAS,A,126,60
3HME,A,127,61
1KEX,A,128,62
4DEQ,A,128,62
7O1N,A,128,62
8C5G,A,129,63
3PJW,A,130,64
2DQ6,A,131,65
8IN0,A,132,66
1X2J,A,132,66
2DYH,A,132,66
7ECA,A,132,66
2JCP,A,133,67
5MTM,A,134,7
1BHH,B,134,7
1GIF,A,135,68
1MIF,A,135,68
4EUI,A,135,68
4EVG,A,135,68
4GRP,A,135,68
4GRO,A,135,68
5BSC,A,135,68
4GRN,A,135,68
4PKZ,A,135,68
1P1G,A,135,68
1CGQ,A,135,68
4ETG,A,135,68
5UMJ,A,135,68
4GUM,A,135,68
5HVV,A,135,68
2GLV,A,136,69
3RFZ,A,137,70
5MCA,A,137,70
1XYA,A,138,7
1XYL,A,138,7
1MUW,A,138,7
2E3M,A,139,71
3RSW,A,140,72
1G5W,A,140,72
8ALY,A,141,73
1Q9K,A,142,7
2YQD,A,143,74
1AST,A,144,75
1Q9P,A,145,26
6PSN,L,146,76
1J7N,A,146,76
5HFQ,A,147,77
2G4A,A,148,77
1EEA,A,149,7
1CRM,A,150,0
1EQF,A,151,78
3AAD,A,152,78
6MZL,A,153,79
6MZD,A,153,79
5D2O,A,154,80
5CZN,A,155,80
6OP6,A,156,81
3NSM,A,157,82
4JX3,A,158,83
1XQZ,A,158,83
7VSY,A,158,83
4MFI,A,159,84
5O4P,A,160,7
6EOB,A,160,7
1NB4,A,161,85
3MWV,A,161,85
2XHU,A,161,85
4RY4,A,161,85
2XHV,A,161,85
4RY7,A,161,85
4RY6,A,161,85
1LEW,A,162,17
3TG1,A,163,17
2OZA,B,162,17
8BPA,B,164,86
7K4T,A,165,87
2JG6,A,166,88
1D9E,A,167,89
4HRX,A,168,90
4IH1,A,168,90
5Z9H,A,168,90
1AH6,A,169,1
3C0E,A,169,1
1S7Q,A,170,7
2QRI,A,171,7
1N59,A,170,7
2QRS,A,171,7
1FO0,H,170,7
3P4M,A,170,7
1KJ3,H,170,7
2QRT,A,171,7
1NAN,H,170,7
5OQF,A,172,7
5OQH,A,172,7
5OQI,A,172,7
5OQG,A,172,7
3RGV,C,170,7
2MHA,A,170,7
3P08,A,173,91
1K2P,A,174,91
2J1X,A,175,92
1UOL,A,175,92
3VJ8,A,176,93
7STF,A,177,7
7MLE,A,177,7
2XPG,A,177,7
1M9C,C,178,7
1AFV,A,178,7
2M8P,A,178,7
4D1K,A,178,7
3DIK,A,178,7
5MCZ,H,178,7
5MCX,A,178,7
1L6N,A,178,7
2LF4,A,178,7
2M8L,A,178,7
6OBH,A,178,7
6OBH,C,178,7
8CKV,A,178,7
1AK4,C,178,7
2PWM,A,178,7
6VWS,A,178,7
3GV2,A,178,7
8G6L,A,178,7
3J34,5,178,7
1M9E,C,178,7
7QDF,AAA,178,7
5O2U,A,178,7
4USN,A,178,7
5L93,A,178,7
4AD1,A,179,94
1IGS,A,180,95
2C3Z,A,180,95
3ZSS,A,181,96
6EVL,A,182,97
2OQJ,B,183,7
4NHG,A,184,7
2GEB,A,185,98
8JF7,B,186,99
7XHW,A,187,100
1DDK,A,187,100
6LVJ,A,187,100
1WUP,A,187,100
7WZU,A,187,100
4F6H,A,187,100
1JCZ,A,188,29
1BPM,A,189,7
1LGU,A,190,7
7MOB,A,191,93
1NK1,A,191,93
2QJ2,A,191,93
4D3C,A,192,93
5MXE,A,193,101
1EPS,A,194,102
1K2A,A,195,103
6SW3,A,196,104
5U7G,A,196,104
3FJU,A,197,10
1G73,C,198,7
1G3F,A,198,7
1F9X,A,198,7
2OPZ,A,198,7
1NW9,A,198,7
5FI1,B,199,105
6AJ4,B,199,105
1AJE,A,199,105
1KI1,A,199,105
1EES,A,199,105
1GZS,A,199,105
3GCG,A,200,105
2V5D,A,201,34
1FDP,A,202,106
1EUT,A,203,107
1GSB,A,204,52
1M71,A,205,7
5T2E,A,206,26
1AG1,O,207,108
5I3F,A,207,108
1TPE,A,207,108
5I3J,A,207,108
2J24,A,207,108
1EOG,A,208,109
1EOH,A,208,109
8CXG,D,209,110
1YUW,A,210,7
3CQX,A,210,7
4HWI,A,210,7
3GUA,A,211,111
6M4X,A,211,111
5XGL,A,211,111
7EGR,A,211,111
7EGR,E,211,111
7EGR,B,211,111
3UO1,L,212,7
2HKF,L,212,7
3I2E,A,213,7
7USZ,A,213,7
2VL9,A,214,112
6MGX,A,215,113
3ZR9,A,215,113
6MH0,A,215,113
5WIG,A,215,113
4RM5,A,216,113
3SPU,A,215,113
4TZB,A,215,113
4TYF,A,215,113
4TZ9,A,215,113
4TZE,A,215,113
5ZGF,A,215,113
5WIH,A,215,113
6CAC,A,215,113
4TZF,A,215,113
3S0Z,A,217,113
3PG4,A,215,113
6AA3,A,218,114
1IRY,A,218,114
6GLF,A,218,114
6GLK,A,218,114
6GLO,A,218,114
6VRT,L,219,7
1MAS,A,220,115
2WUD,A,221,116
1JX9,B,222,107
5ZDA,A,223,117
3L1A,A,224,118
2CGH,A,225,118
2C0Y,A,226,7
1GLO,A,226,7
2GTD,A,227,119
4ZKS,U,228,54
3NIH,A,229,7
1BZX,E,230,21
1SWQ,A,231,120
5N7X,A,231,120
1SWO,A,231,120
1RST,B,231,120
1HQQ,A,231,120
1STR,B,231,120
1PTS,A,231,120
7EK8,A,231,120
1SWF,A,231,120
1OD0,A,232,121
1ZJD,A,233,122
1XXD,A,233,122
2F7M,F,234,123
1QQJ,A,235,124
2PE8,A,236,125
2ARA,A,237,126
3HIS,A,238,127
3HIQ,A,238,127
1FL1,A,239,128
1FHS,A,240,129
1GRI,A,240,129
6VK2,A,240,129
1GHU,A,240,129
3DAI,A,241,130
6N4A,A,242,131
3N81,A,243,132
1ZUM,A,244,132
2ONN,A,243,132
3DG9,A,245,133
2VLB,A,245,133
3IXM,A,245,133
1C7P,A,246,16
1C46,A,246,16
1IWT,A,246,16
1GB6,A,246,16
1GBW,A,246,16
1GAZ,A,246,16
1YAP,A,246,16
1YAO,A,246,16
1YAM,A,246,16
1YAQ,A,246,16
1YAN,A,246,16
1GF5,A,246,16
1GF0,A,246,16
1GEZ,A,246,16
1GF3,A,246,16
2MEB,A,246,16
2MEE,A,246,16
1GB2,A,246,16
1GB8,A,246,16
1GBY,A,246,16
2MEC,A,246,16
2MEF,A,246,16
1IOC,A,246,16
1TCY,A,246,16
1WQN,A,246,16
1WQQ,A,246,16
1WQP,A,246,16
1WQM,A,246,16
1WQO,A,246,16
1GB0,A,246,16
1GB7,A,246,16
1GBX,A,246,16
1B5Z,A,246,16
1B5W,A,246,16
1B5V,A,246,16
1B5Y,A,246,16
1B5U,A,246,16
1B5X,A,246,16
1LAA,A,246,16
1EQ4,A,246,16
1GF4,A,246,16
1GF6,A,246,16
1GF7,A,246,16
133L,A,246,16
2MEA,A,246,16
2MED,A,246,16
1OUH,A,246,16
1OUC,A,246,16
1OUF,A,246,16
1OUI,A,246,16
1OUE,A,246,16
1OUB,A,246,16
1OUD,A,246,16
1OUG,A,246,16
1OUJ,A,246,16
134L,A,246,16
1GB9,A,246,16
1GBZ,A,246,16
1GB3,A,246,16
1LHL,A,246,16
1LOZ,A,246,16
2MEH,A,246,16
1JKA,A,246,16
1JKC,A,246,16
1EQ5,A,246,16
1EQE,A,246,16
1IP4,A,246,16
1IP5,A,246,16
1IP7,A,246,16
1IP2,A,246,16
1IP1,A,246,16
1IP6,A,246,16
1IP3,A,246,16
1B7M,A,246,16
1CJ9,A,246,16
1CJ7,A,246,16
1CKG,A,246,16
1CKD,A,246,16
1CKH,A,246,16
1C43,A,246,16
1GEV,A,246,16
1C45,A,246,16
1CJ6,A,246,16
1CJ8,A,246,16
1CKF,A,246,16
1CKC,A,246,16
1B7S,A,246,16
1GF8,A,246,16
1W08,A,246,16
1B7L,A,246,16
1BB3,A,246,16
2HED,A,246,16
2HEF,A,246,16
2HEC,A,246,16
2HEB,A,246,16
2HEA,A,246,16
1LHH,A,246,16
1GFT,A,246,16
1GFH,A,246,16
1GF9,A,246,16
1GE1,A,246,16
1JKB,A,246,16
1TDY,A,246,16
1LYY,A,246,16
2MEG,A,246,16
1GDX,A,246,16
1GE3,A,246,16
2MEI,A,246,16
1LHK,A,246,16
1I1Z,A,246,16
1I20,A,246,16
1B7O,A,246,16
1GE4,A,246,16
1GFV,A,246,16
1GFE,A,246,16
1GFK,A,246,16
1DI3,A,246,16
1GBO,A,246,16
1GAY,A,246,16
1GB5,A,246,16
1GDW,A,246,16
1GFR,A,246,16
1INU,A,246,16
1GFG,A,246,16
1GFJ,A,246,16
1GFA,A,246,16
1GFU,A,246,16
1TAY,A,246,16
1B7R,A,246,16
1B7N,A,246,16
2HEE,A,246,16
1B7Q,A,246,16
1JKD,A,246,16
1GE0,A,246,16
1GE2,A,246,16
1LHI,A,246,16
1LHJ,A,246,16
7AP7,A,246,16
1B7P,A,246,16
1DI5,A,246,16
3K01,A,247,134
1B05,A,248,22
2GNQ,A,249,135
3PSL,A,249,135
4CY2,A,249,135
8X3S,A,249,135
2H68,A,249,135
5SXM,A,249,135
2H9L,A,249,135
7DNO,A,249,135
8OK1,A,249,135
2H9M,A,249,135
7BCY,A,249,135
3EMH,A,249,135
3MXX,A,249,135
6BYN,W,249,135
3N0E,A,249,135
3N0D,A,249,135
1N7Y,A,250,120
1KFF,A,231,120
1KL4,A,231,120
1OO2,A,251,7
2KHZ,A,252,136
3Q6L,A,253,72
1QWQ,A,254,34
5KMT,A,255,101
7ZPV,A,255,101
1YLW,A,255,101
6D7I,A,255,101
8DON,A,255,101
7UON,A,255,101
5TWD,A,255,101
8AF8,A,255,101
8DOE,A,255,101
1A3Y,A,256,137
1A3H,A,257,138
3DW0,A,258,101
7LJK,A,258,101
7TBX,A,259,101
3E2K,A,258,101
7LK8,A,258,101
2GYY,A,260,139
1ZVM,A,261,140
7DHA,A,262,140
1YH3,A,261,140
5F1K,A,263,140
3F6Y,A,261,140
5F1O,A,263,140
3RAJ,A,261,140
1PKR,A,264,93
1HPJ,A,264,93
4I70,A,265,141
6MG4,A,266,7
4LC2,A,267,142
1SML,A,268,143
2QJS,A,268,143
2QIN,A,268,143
3D7C,A,269,144
1F68,A,269,144
4C3Z,A,270,145
1L0E,A,271,146
3IWQ,A,272,146
1L0F,A,272,146
1L0D,A,273,146
3IXD,A,274,146
3IWI,A,275,146
6ID2,A,276,147
6II4,A,276,147
3BSG,A,277,148
2QPS,A,277,148
8B04,A,278,149
1C1M,A,278,149
1HAX,B,278,149
3SK1,A,279,150
5ZW5,A,280,38
6JG5,A,280,38
5XYB,A,280,38
5ZW6,A,280,38
6HP7,A,280,38
1RJY,A,281,7
1T0N,A,281,7
2CLV,A,281,7
5HIH,A,282,151
2E7O,A,283,152
7KK2,A,284,153
6AQU,A,285,154
1TZZ,A,286,107
6IHS,A,287,7
6IHL,A,287,7
6IHR,A,287,7
6IHW,A,287,7
6IHV,A,288,7
6IHU,A,288,7
5F1M,A,287,7
4F8Q,A,289,155
4F80,A,290,155
4F8T,A,291,155
1CL5,A,292,156
4I15,A,293,157
1YGW,A,294,158
4BIR,A,294,158
1RN4,A,295,158
1E15,A,296,159
7KYZ,A,297,160
3TTK,A,298,48
5EF9,A,299,161
7RTD,A,300,7
6W51,A,300,7
7EU2,A,300,7
7KGO,A,300,7
7BBG,A,300,7
5D2L,A,300,7
8DNT,E,300,7
1AO7,A,300,7
6VQO,A,300,7
4WUU,A,300,7
1AKJ,A,300,7
6APN,A,301,7
8ESA,A,300,7
8ESB,A,300,7
7SQP,A,302,7
3OXR,A,300,7
1QRN,A,300,7
7SSH,A,303,7
3MR9,A,300,7
2UWE,A,300,7
3MRB,A,300,7
7SR5,A,304,7
3OXS,A,300,7
3GSN,H,300,7
7ST3,A,305,7
2JCC,A,300,7
1QSF,A,300,7
5EOT,A,300,7
7STG,A,306,7
7SR3,A,307,7
7SR0,A,308,7
7SR4,A,309,7
1HLA,A,300,7
1C0B,A,310,34
1A2W,A,310,34
4WYN,A,310,34
1EIE,A,310,34
1IZP,A,310,34
3DIC,A,310,34
3DI7,A,310,34
3DH6,A,310,34
3DI8,A,310,34
3RSD,A,310,34
1YMN,A,310,34
3DI9,A,310,34
3DIB,A,310,34
1IZQ,A,310,34
1A5Q,A,310,34
3RH1,A,310,34
1KH8,A,310,34
1YMR,A,310,34
3RSP,A,310,34
1EIC,A,310,34
1IZR,A,310,34
1C9X,A,310,34
1C9V,A,310,34
1YMW,A,310,34
1EID,A,310,34
3MX8,A,310,34
1SRN,A,310,34
3SRN,A,310,34
1SSC,A,310,34
1EC7,A,311,162
3VKN,A,312,163
6WJF,A,313,7
3GG3,A,314,144
1F0J,A,315,164
1SWH,A,231,120
1SWL,A,231,120
1SWS,A,231,120
3QPL,A,316,165
4QFK,A,317,53
3ESK,A,318,166
2NC9,A,318,166
4JAK,A,319,167
4KDZ,A,319,167
4NDS,A,320,22
1ZJH,A,321,168
3G2G,A,322,168
8HGF,A,321,168
1BBS,A,323,169
2X0B,A,323,169
3T6N,A,324,170
5I3G,A,207,108
7UEZ,A,325,171
1MUT,A,326,172
2C8U,A,327,173
5IIG,A,328,174
3G3Q,A,328,174
1L7L,A,329,175
3WG9,A,330,176
3VVX,A,331,177
7RX9,A,332,7
7SYF,A,333,7
1EYH,A,334,178
1INZ,A,334,178
5VLV,A,335,7
7FWT,A,336,72
5C0N,A,336,72
5D8J,A,336,72
1ALB,A,336,72
3GB8,B,337,179
3VNA,A,338,34
1F4A,A,339,180
3J7H,A,339,180
8BK7,A,339,180
8Q7Y,A,340,7
2QRA,A,341,181
2POP,B,341,181
2POI,A,341,181
1NNA,A,342,182
1W9P,A,343,183
1LV1,A,344,26
1QUV,A,345,85
2G15,A,346,7
4RWI,A,347,184
3KXX,A,347,184
1IHP,A,348,7
1BHS,A,349,185
4EMU,A,350,3
1IDP,A,351,7
1HAN,A,352,186
1BQ2,A,353,13
3PPN,A,354,187
9ATC,A,355,188
1EZZ,A,355,188
4E2F,A,355,188
6KJ7,A,356,188
6KJ9,A,357,188
3MPU,A,355,188
3O5G,A,358,7
3O5E,A,358,7
3O5D,A,359,7
5NJX,A,359,7
4R0X,A,358,7
1HZT,A,360,189
1R67,A,360,189
2H6S,A,361,190
1QQT,A,362,191
8BRW,A,362,191
1R28,A,363,192
6Y17,A,363,192
4R5J,A,364,7
1DKY,A,365,7
4F01,A,365,7
1DKX,A,365,7
2KHO,A,365,7
7V2L,W,366,193
6IFS,A,366,193
6IFW,A,366,193
1GSD,A,367,194
3ZFL,A,367,194
3U6V,A,367,194
3ZFB,A,367,194
3Q74,A,367,194
1XWG,A,367,194
8BHE,A,367,194
1EAW,A,368,195
5LYO,A,368,195
1DF3,A,369,7
1I04,A,369,7
2LB6,A,369,7
1JDW,A,370,196
2JDX,A,370,196
5HOZ,A,371,172
1B6C,B,372,197
3ZUS,A,373,198
2NYY,A,373,198
6UI1,A,373,198
3V0C,A,373,198
3ZUR,A,373,198
3DDA,A,373,198
3BOK,A,374,198
7LZP,A,375,198
8HKH,A,373,198
7KY2,A,376,198
2ISE,A,373,198
1XTG,A,373,198
1XTF,A,373,198
1OGC,A,377,199
6DYM,A,378,200
3O71,A,379,201
3ZU7,A,380,201
7E73,A,380,201
4IZ7,A,381,201
2FYS,A,380,201
7E75,A,380,201
6D5Y,A,382,201
1AMP,A,383,202
1RTQ,A,383,202
3B35,A,383,202
2ANP,A,383,202
2MZE,A,384,7
7MBZ,E,385,107
2IW2,A,386,7
4YHN,A,387,7
1BNC,A,388,7
2GPS,A,389,7
2GPW,A,389,7
2O2E,A,390,203
2A24,A,391,204
7QH0,A,392,108
1M73,E,393,205
3G18,A,394,206
1DV7,A,394,206
1KM4,A,395,206
3G1Y,A,396,206
1KLZ,A,395,206
3G1S,A,394,206
5UQ1,A,397,2
8SNL,A,398,7
1WM9,A,399,207
2LVW,A,400,208
4HRI,A,401,209
4MAT,A,402,210
1MAT,A,402,210
4TRB,A,403,211
1H09,A,404,212
4X8M,A,405,213
6S36,A,405,213
4X8H,A,405,213
6RZE,A,405,213
1W93,A,406,34
5CSK,A,406,34
3DV2,A,407,7
1H4F,A,408,214
1DD8,A,408,214
2BYY,A,408,214
2BYW,A,408,214
1RAV,A,409,215
1NQN,A,410,215
1USG,A,411,170
2LBP,A,411,170
5OAN,A,412,111
2QEW,A,413,7
5V95,A,414,7
6R6H,V,415,216
4WQO,A,415,216
1CD1,A,416,7
3P4K,A,163,17
5ZZ3,A,417,217
7N0W,A,418,218
3JSB,A,419,219
7X6S,A,419,219
5LWQ,A,420,41
5MBT,A,421,41
5MBQ,A,422,41
5LWH,A,420,41
5MBU,A,422,41
3ZKW,A,420,41
1OAQ,H,423,7
1NSK,L,424,220
3BBC,A,424,220
4BY4,A,425,221
2QRJ,A,426,222
3UGK,A,426,222
1GOW,A,427,223
4A21,A,428,224
3C5K,A,429,201
3GV4,A,429,201
3L2I,A,430,225
4GUF,A,431,225
3O1N,A,432,225
1G6L,A,344,26
1GXR,A,433,226
1WS0,A,434,227
4ZKF,A,435,228
5WP3,A,436,229
3JZN,A,437,229
6U4Y,D,436,229
2QXV,A,436,229
1HLW,A,438,220
1NDK,A,438,220
1NPK,A,438,220
2R73,A,439,230
4RWX,A,440,231
3P1B,A,441,232
3DTQ,A,442,233
1LYD,A,443,7
5DTI,A,444,7
1C2B,A,445,7
1C2O,A,445,7
2Y90,A,446,234
3QHS,A,446,234
1HK9,A,446,234
4RCB,A,446,234
6BDG,A,446,234
8PEA,A,447,235
5HUW,C,448,51
4BA3,A,448,51
3ZIN,A,448,51
1Q1S,C,448,51
4ZDU,A,449,51
6IU7,A,448,51
6IW8,C,448,51
7JJM,B,448,51
4HTV,A,448,51
1Y2A,C,448,51
7UMI,E,448,51
3OQS,A,448,51
1EJL,I,448,51
5K9S,A,448,51
5CTT,A,448,51
2YNR,A,448,51
1IAL,A,448,51
3VE6,A,448,51
3BTR,C,448,51
3TPO,A,448,51
6P6E,A,448,51
2C1M,A,448,51
3TPM,A,448,51
5TXS,A,450,7
7XF3,A,450,7
1OTX,A,451,236
3OPV,A,451,236
6AOW,A,452,7
5OJZ,A,453,237
6H90,A,453,237
6H8Y,A,453,237
3FM9,A,453,237
2ZLB,A,454,238
5UMP,A,455,239
5FJS,A,456,240
4W1U,A,457,241
2OGQ,A,458,242
1Q4O,A,459,242
8UF7,C,460,93
7TPP,E,461,88
1DM4,B,462,88
1B7X,B,463,88
3J4Q,D,464,7
1DBR,A,465,243
4J3Y,A,466,244
1C9Q,A,466,244
1I3O,E,466,244
6IX6,A,467,245
1PRG,A,468,246
3PRG,A,469,246
6KTM,A,469,246
7E2O,A,470,246
7CXE,A,471,246
7CXJ,A,469,246
5EJF,A,472,247
5EJG,A,473,247
6LU9,A,474,12
1SCI,A,475,248
3FXY,A,476,249
3UXA,A,477,95
3UY7,A,477,95
2C1O,A,478,7
3B3L,A,479,250
7YER,B,480,251
3FKE,A,480,251
5BPV,A,480,251
6V4X,H,481,252
2I7T,A,482,252
1PBH,A,483,253
3K9M,A,483,253
1GYJ,A,484,254
4QPC,A,485,255
5OVV,A,486,256
5OVA,A,487,256
2WV0,A,488,257
5NIE,A,489,41
2PV3,A,490,258
1M5Y,A,491,259
5E2Q,A,492,260
3T6B,A,492,260
3FVY,A,492,260
3C4U,A,493,261
5UCS,A,493,261
5UD1,A,494,261
3SW3,A,495,262
6CWC,A,496,263
6CWM,A,496,263
2E88,A,497,7
4QF3,A,498,7
1YHV,A,499,264
6HGD,A,500,265
6NN6,K,501,266
4MHN,A,502,7
7D1H,A,502,7
5XZK,A,503,91
2EAW,A,504,267
2JGY,A,505,267
5DEM,A,506,268
2IPT,L,507,7
3IFP,B,507,7
1CU1,A,508,122
3O8B,A,508,122
4YRU,A,509,221
4OV2,A,509,221
5BUT,A,510,269
4GGR,A,511,270
1OS8,A,512,271
4FNA,A,513,272
8SNM,B,514,7
4OAF,A,515,273
4OAH,A,516,273
1MEO,A,517,274
3QT5,A,518,275
7Y5Q,A,519,7
6DBV,A,520,122
6DBI,A,521,122
3J9P,A,522,276
8GCR,A,523,277
7O2W,B,524,278
7DDE,A,525,279
8GKH,P,526,280
5T6R,V,527,281
6P6W,A,528,282
8JBG,B,529,283
7DD9,A,530,279
3W15,C,531,7
6K7E,A,531,7
8FNE,A,532,284
6K7D,A,531,7
7K48,A,533,282
7BXT,M,534,285
8HLB,A,535,286
4LOG,A,531,7
5GXT,A,531,7
4GLI,A,531,7
7TSZ,P,536,82
7RJ5,G,537,82
7VQO,A,538,7
1EZO,A,531,7
7VGQ,B,539,287
4O2X,A,531,7
6BUZ,N,540,288
1MPB,A,531,7
3CSG,A,531,7
2OBG,A,531,7
8SQA,F,541,82
8SQB,F,542,82
5WVM,A,531,7
3WAI,A,543,7
4O4B,A,531,7
8SPS,L,544,289
8T2I,M,531,7
8JI0,A,545,7
4FE8,A,531,7
4JKM,C,546,7
8VRS,A,531,7
5GS2,A,531,7
1SVX,B,531,7
5AQ9,B,531,7
3IO4,A,531,7
1MH3,A,531,7
4R0Y,A,531,7
7OMM,D,531,7
7OMM,C,531,7
4DXB,A,547,7
2R0F,A,548,290
2F7K,A,549,291
3OCY,A,550,292
2BIJ,A,551,293
4IGM,A,552,294
4OFC,A,552,294
4IGN,A,552,294
1J7I,A,553,295
5QUN,A,554,296
1UJ1,A,555,297
3F9E,A,555,297
5B6O,A,555,297
2PWX,A,556,297
3M3S,A,555,297
4HI3,A,555,297
1Z1J,A,555,297
2QC2,A,555,297
3M3T,A,555,297
2QCY,A,555,297
2Q6G,A,555,297
3F9F,A,555,297
3E91,A,555,297
3M3V,A,555,297
3FZD,A,557,297
3F9G,A,558,297
1KUF,A,559,7
1MH9,A,560,298
1A23,A,561,299
4TKY,A,561,299
1FVJ,A,561,299
1BQ7,A,561,299
1ACV,A,561,299
1AC1,A,561,299
1UN2,A,561,299
4L4Y,A,562,107
4L5I,A,563,107
1EPW,A,564,300
7QFQ,A,564,300
2JWO,A,565,219
6CG0,B,566,301
6OEM,B,567,301
2OS5,A,568,302
6WCQ,C,569,303
7K2F,A,570,66
7K2D,A,570,66
8X34,A,570,66
4IFJ,A,570,66
6TG8,AAA,570,66
1U6D,X,570,66
7K2H,A,570,66
5WFL,A,570,66
5F72,C,570,66
7K29,A,570,66
7K2B,A,570,66
7K28,A,570,66
7K2L,A,570,66
7K2L,B,570,66
1AYK,A,571,7
2J0T,A,571,7
1CGE,A,571,7
1CGF,A,571,7
3SHI,A,571,7
2CLT,A,571,7
1LE4,A,572,304
1GS9,A,572,304
1B68,A,573,304
1LPE,A,572,304
1BZ4,A,572,304
1OR3,A,574,304
8GRX,A,573,304
2KC3,A,572,304
1NFN,A,575,304
7FCR,A,576,304
7FCS,A,577,304
2L7B,A,572,304
8AX8,A,578,304
2V2D,A,579,108
1IDD,A,580,305
6ICD,A,580,305
1AF2,A,581,306
1SW4,A,582,307
8QOT,A,583,308
6PXN,A,584,309
1CKI,A,585,309
4JJR,A,586,309
3UYS,A,587,309
6PXP,A,588,309
3H76,A,589,310
4AC6,A,590,311
3DRF,A,591,312
1USL,A,592,313
2I8N,A,593,77
1PB7,A,594,6
8UUE,A,595,6
8USX,A,596,6
8JF7,A,597,6
6IRA,A,598,6
7YFM,A,599,6
1IA8,A,600,219
1A4J,A,601,7
3UQ3,A,602,314
2GG4,A,603,315
2POA,A,604,316
1Z5R,A,605,317
3ILL,A,606,318
3KUG,A,607,318
1TMJ,A,608,318
1F7Z,A,609,21
1FY8,E,609,21
7KJB,A,610,319
4P2K,A,611,319
5EK7,A,610,319
6JE7,A,612,172
1AO6,A,612,172
6ZL1,A,613,172
4K71,A,612,172
6M5D,A,614,172
1OBP,A,615,320
3GDR,A,616,267
3GDK,A,616,267
3GDM,A,616,267
1DQW,A,616,267
6G4T,A,617,0
1GIG,L,618,7
1SM3,L,618,7
3JSL,A,619,321
3S6W,A,620,322
4AI4,A,166,88
2K3H,A,621,323
4LT7,A,621,323
5UFD,A,622,43
3GAQ,A,623,324
5DAZ,A,624,325
6VUV,A,624,325
6VVF,A,624,325
6APY,A,624,325
6VPA,A,624,325
6VV4,A,624,325
5UVQ,A,624,325
1AK5,A,625,326
1LQK,A,626,7
1NGL,A,627,233
1TQ0,B,628,88
3EE0,B,628,88
1BTH,H,629,88
4H6S,B,462,88
4H6T,A,630,88
6I5E,A,631,327
5NPO,A,547,7
1ESU,A,547,7
1LI9,A,547,7
1JTD,A,547,7
1JWP,A,547,7
1LHY,A,547,7
1YT4,A,547,7
7U6Q,A,547,7
6B2N,A,632,7
3CMZ,A,547,7
3GMW,A,547,7
2XA0,A,633,328
5JSN,A,634,328
6VWU,A,635,329
4Z9V,A,636,328
3R85,A,636,328
2P1L,A,636,328
6HJL,A,636,328
6HJL,B,636,328
1DGQ,A,637,330
1LFA,A,637,330
3EOA,I,637,330
7KC3,C,637,330
3TCX,B,637,330
1EO2,B,638,331
2BUT,B,638,331
2GF7,A,639,332
7D4A,A,639,332
1KBL,A,640,30
1DIK,A,640,30
1JDE,A,640,30
1GGO,A,640,30
2DIK,A,640,30
2R82,A,640,30
1T0V,A,641,233
3J4Q,A,642,333
3D7V,A,643,34
2NLA,A,644,34
1C5G,A,645,334
1DVN,A,645,334
9PAI,A,645,334
1IKP,A,646,335
1IKQ,A,646,335
6HPG,A,647,336
5L2E,A,648,12
4A2I,V,649,337
5BRB,A,650,300
2VFF,A,651,300
2VFD,A,651,300
1VGA,A,651,300
2FW1,A,652,338
2FW9,A,652,338
1AKZ,A,653,7
5AYR,A,653,7
1YUO,A,653,7
5JK7,D,653,7
7V7C,D,653,7
5C74,A,654,113
6USJ,U,655,339
6X0L,P,656,339
7AEO,A,657,339
1YPI,A,658,108
1D5I,H,659,7
4RNS,A,660,340
6QWL,Q,661,341
1AZY,A,662,342
1ILE,A,663,343
3ID7,A,664,344
5CXQ,A,665,345
1ALV,A,666,7
1PDY,A,667,7
3S4U,A,668,346
6CYN,A,255,101
8SJ3,A,255,101
1FO9,A,669,347
1FO8,A,669,347
4XZP,A,670,348
1URP,A,671,349
1BA2,A,671,349
3M6O,A,672,350
1VIE,A,673,351
1T45,A,674,184
1FE6,A,675,352
5FWI,C,676,204
2F1Z,A,677,204
4M5W,A,678,204
1NBF,A,679,204
5J7T,A,679,204
5JTV,A,679,204
5JTJ,A,679,204
1CGS,L,680,7
1MFF,A,681,68
2ZGL,A,682,113
2ZGS,A,682,113
2ZGQ,A,682,113
2ZGK,A,682,113
2ZGP,A,682,113
2ZGU,A,682,113
2ZGT,A,683,113
3NR6,A,684,353
1AKM,A,685,354
7EIB,A,686,355
4DMV,A,687,7
4R04,A,687,7
7POG,A,687,7
5BQ1,A,688,356
1N8T,A,689,7
1T6K,A,690,357
1XUB,A,690,357
4UC6,A,691,358
8IUO,A,691,358
8OP2,A,691,358
2YHM,A,691,358
8OP1,A,691,358
2WJ8,A,691,358
4UC7,A,692,358
4UC6,B,691,358
5CSF,A,693,7
1MQ1,A,693,7
2DP3,A,694,359
4BI5,A,694,359
1EF8,A,695,360
4XFW,A,696,361
4O23,A,697,362
4PPZ,A,697,362
4JE6,A,698,363
6OT6,A,380,201
6OTS,A,699,201
3R63,A,380,201
4S2Z,A,380,201
4S30,A,700,201
2GPH,A,380,201
1A9O,A,701,205
1PBN,A,701,205
4GUL,A,702,364
4HLT,A,702,364
1F4W,H,703,7
1K6W,A,704,365
3G77,A,704,365
3ARS,A,705,52
4GNT,A,706,7
1TWS,A,707,99
3V5O,A,708,99
3ZKW,B,420,41
1PMI,A,709,51
1UZ6,E,710,7
1BD3,A,711,41
5BTW,A,712,366
1Z1L,A,713,367
3ITM,A,714,367
3IBJ,A,715,367
2BZW,A,716,328
1R2E,A,717,328
3CVA,X,718,328
1PQ0,A,716,328
1AF3,A,716,328
3IHF,A,719,328
3IHE,A,720,328
3IHD,A,721,328
7R0G,A,722,368
3J09,A,722,368
3J08,A,722,368
2JGT,A,723,369
1FJ2,A,724,370
3B1Z,A,725,371
6YI0,AAA,726,50
4INC,A,726,50
2F84,A,727,372
5DDZ,A,728,373
3SRP,A,728,373
1OBS,A,728,373
4LGS,A,728,373
1UQ4,A,728,373
5BOZ,A,728,373
4LHQ,A,728,373
4LHJ,A,728,373
5E1H,A,728,373
6OBM,A,728,373
6OBG,A,728,373
4LGR,A,728,373
7XP4,R,729,374
2BV9,A,730,301
3SZY,A,731,375
1HHQ,A,438,220
1LEO,A,438,220
1NCL,A,438,220
3K7O,A,732,376
3M1P,A,732,376
3K7P,A,732,376
6FV3,A,733,377
1F5Z,A,734,0
2XDN,A,735,113
3EXI,A,736,7
4G6C,A,737,378
1MMI,A,738,379
4K74,A,739,379
2XUR,A,738,379
2KCU,A,740,113
1EWD,A,741,380
1ZAH,A,741,380
7VDC,A,741,380
3B8D,A,741,380
3DFN,A,741,380
1EWE,A,741,380
3DFQ,A,741,380
1EX5,A,741,380
6V20,A,741,380
6MWQ,A,741,380
3H8A,A,742,7
1E9I,A,742,7
3DNJ,A,743,381
6MIU,A,744,104
7R1O,AAA,744,104
3MHE,A,745,382
1APN,A,746,383
2OI9,A,747,7
3E2H,A,747,7
6L9K,A,747,7
1IGI,L,748,7
5MMC,A,749,384
8OR2,F,750,385
3TDU,A,751,385
4KBQ,A,752,386
6EFK,A,752,386
8FYU,A,752,386
3Q47,B,752,386
2C2L,A,752,386
7THA,A,31,7
5H0Z,A,31,7
5H0Y,A,31,7
1IJN,A,31,7
5H0X,A,31,7
5H0W,A,753,7
6GV1,A,754,387
3PB4,X,755,388
5ZYO,A,756,389
1FEZ,A,757,7
2IOH,A,757,7
1SWV,A,757,7
4YSK,A,758,107
1YMY,A,759,390
7CML,A,760,7
5W1V,A,761,7
3AM8,A,762,7
7NDQ,AAA,762,7
6ZKW,A,762,7
1MHE,A,762,7
3BZE,A,762,7
6GGM,A,762,7
1KPR,A,762,7
2VW8,A,763,391
7TZ9,A,764,391
7U6G,A,765,391
6FAD,A,766,143
1HO1,A,767,392
3TD3,A,768,268
1C5B,L,769,7
1F6Y,A,770,393
2X0G,A,771,394
6FHA,A,771,394
2XZS,A,772,394
2Y4P,A,773,394
1WVW,A,771,394
1O73,A,774,395
2VPD,A,775,396
2DX8,A,775,396
2VPB,A,775,396
5BWY,A,776,397
3F9Q,A,777,397
1PSR,A,778,7
1EA2,A,779,29
1DMQ,A,780,29
1DMM,A,781,29
3VSY,A,782,29
1C7H,A,783,29
1K41,A,784,29
1W00,A,782,29
6F4Y,A,785,29
1WN5,A,786,357
2Z3J,A,786,357
5E6N,A,787,29
5AZH,A,788,29
3ALS,A,789,398
4QY4,A,790,107
2DAT,A,790,107
5KH2,A,791,399
5X9B,A,792,273
1KRI,A,793,280
1UB6,B,794,7
1GZK,A,795,400
2K28,A,796,34
3I8Z,A,796,34
3LUC,A,797,401
8D6J,A,797,401
7KI3,A,797,401
6OFQ,A,798,402
3L0C,A,799,403
3L0Y,A,800,403
2K1B,A,801,34
3FFQ,A,802,216
2R57,A,803,404
6H97,A,804,405
3LOI,A,805,406
1GGG,A,806,407
1KZ9,A,807,408
1KZ4,A,808,408
1KZ1,A,809,408
3NM8,A,810,409
3NQ5,A,810,409
4J6V,A,810,409
4HD4,A,810,409
4J6U,A,810,409
4J6T,A,810,409
4HD7,A,810,409
7K4P,A,811,87
7K4R,A,812,87
1J4G,A,813,410
2JDL,A,813,410
1QTR,A,814,411
6FA9,A,815,7
6YJH,A,816,412
5I76,B,817,7
1YY8,B,817,7
5GZ0,B,817,7
3D7U,B,818,413
1YHK,A,819,414
4G69,A,820,415
8CN3,A,820,415
8CN3,B,820,415
2M49,A,821,219
1CVS,A,821,219
1II4,A,821,219
1BAS,A,821,219
6L4O,B,821,219
1BLA,A,821,219
1BFG,A,821,219
1JQJ,A,738,379
2P2C,A,822,416
1S7U,A,823,7
1FG2,A,823,7
1N3N,A,823,7
4HV8,A,823,7
5OPI,A,823,7
7N5C,A,824,7
1N5A,A,823,7
1JUF,A,823,7
3BUY,A,823,7
1CE6,A,823,7
1BZ9,A,823,7
1FFN,A,823,7
1HOC,A,823,7
2QLV,C,825,34
4BAC,A,826,417
4YC6,A,827,2
1H3I,A,828,77
3ZNY,A,829,101
7QQC,A,830,101
7R3R,A,830,101
7R3Q,A,830,101
1OW6,A,831,418
7W7Z,A,831,418
3S9O,A,831,418
1K04,A,831,418
1KFU,S,832,7
4PHJ,A,832,7
1UL9,A,833,219
5HKW,A,834,419
6O02,A,834,419
1B47,A,834,419
5J3X,A,834,419
6XAR,A,834,419
2Y1M,A,834,419
6O03,A,834,419
1AZG,B,835,7
1A0N,B,835,7
1SHF,A,835,7
7A2J,A,835,7
1FYN,A,835,7
1AVZ,C,835,7
1G83,A,835,7
2YTW,A,836,107
3NUM,A,837,420
6Q6G,S,838,7
6Q6H,S,839,7
7LUO,A,840,421
5IF1,B,840,421
6P3W,B,840,421
5U9K,A,841,422
5U9A,A,841,422
4AL2,A,842,5
2W3T,A,842,5
1DFF,A,842,5
1DEF,A,842,5
2DEF,A,842,5
3SHT,A,843,423
1YXR,A,844,424
2JQ9,A,844,424
5C6Q,A,845,425
5JHP,A,845,425
5JA5,A,846,425
1LN8,A,847,48
4PQE,A,848,7
1T3E,A,849,426
2FTS,A,850,426
2OFN,A,851,7
2KFF,A,852,7
2JQ6,A,852,7
2GP3,A,853,427
3RNZ,A,854,428
1AUG,A,854,428
3FEQ,A,855,429
3PID,A,856,7
3PHL,A,856,7
1E27,A,857,7
1E28,A,857,7
3W39,A,857,7
1JT0,A,858,430
2E9G,A,859,431
1M1M,A,860,432
1U6E,A,860,432
2AHB,A,860,432
2AJ9,A,860,432
2JC7,A,861,433
7LB8,D,862,7
2Z5T,M,863,38
3DAC,A,863,38
1XBA,A,864,7
5IY4,A,865,434
6FCM,A,865,434
7M5L,A,866,434
6GIS,A,865,434
1AXC,A,865,434
7KQ0,A,866,434
5MAV,A,865,434
6K3A,A,867,434
6QC0,A,865,434
4D2G,A,866,434
5MOM,A,865,434
5E0T,A,865,434
8E84,A,868,434
6EHT,C,866,434
8B8T,E,865,434
6EHT,A,866,434
4ZTD,A,866,434
4X1L,A,869,435
4X25,A,870,435
4X1M,A,871,435
7SYD,A,872,7
7SZ0,A,872,7
1M14,A,873,436
4TKS,A,874,436
2GS2,A,874,436
2EB2,A,875,436
3GOP,A,876,436
2JIT,A,877,436
2RFD,A,878,436
4I21,A,877,436
4I20,A,877,436
4I1Z,A,877,436
7TVD,A,879,436
7SEP,A,880,437
1HYS,A,881,437
1J5O,A,881,437
1HVU,A,881,437
1HMV,A,882,437
3DLK,A,881,437
6B19,A,883,437
6WAZ,A,884,437
1M7N,A,885,34
7VT0,A,886,438
1N29,A,887,156
1N28,A,887,156
1G0U,L,888,439
1FNT,M,888,439
2HOY,A,889,7
1X8S,A,890,440
1RY4,A,890,440
8BBK,A,891,441
1W79,A,892,442
5U7Q,A,893,295
2O2W,A,894,443
4LN2,A,894,443
2MOX,A,895,444
4Q13,A,896,7
5CH3,A,897,445
5C8V,A,897,445
4FNG,A,897,445
6SS4,AAA,898,7
6SS6,AAA,898,7
1MNU,H,899,7
2HV6,A,900,446
2IXM,A,900,446
1JWF,A,901,447
2QY9,A,902,448
1FTS,A,902,448
1NE9,A,903,449
1XF8,A,903,449
1XE4,A,903,449
6RFP,A,904,201
6FGB,A,905,450
4K71,B,905,450
4N0F,A,905,450
1EXU,A,906,450
5BXF,A,905,450
1FNT,N,907,451
1G0U,1,907,451
4Y8M,M,907,451
8T08,Q,908,451
2E61,A,909,335
3P1J,A,910,452
1UHC,A,911,107
6O3W,A,912,220
7VFD,A,913,453
2YGB,A,913,453
8ARH,A,913,453
7VFF,A,913,453
7YZR,A,914,7
3GM1,A,915,418
2LK4,A,915,418
4R32,A,915,418
4XEV,A,915,418
1QU5,A,916,454
1DMZ,A,916,454
2VQW,G,917,455
5ZOO,G,917,455
5ZOP,G,917,455
5G13,A,918,456
3E1R,A,919,41
1FOF,A,920,457
1E3U,A,920,457
2HP5,A,920,457
2HP6,A,920,457
1E3U,D,921,457
2CR2,A,922,7
6F8F,D,922,7
3IVB,A,922,7
7KPI,A,922,7
8DWS,A,922,7
8DWU,A,922,7
8DWT,A,922,7
8DWV,A,922,7
2V5Q,A,923,458
7X6L,A,924,459
3KD2,A,925,302
4DMC,A,925,302
4DM7,A,925,302
4DLN,A,925,302
3PI6,A,925,302
3KDA,A,925,302
4DMF,A,925,302
1ZI1,A,926,460
1LZ0,A,927,460
6T36,A,928,111
2B49,A,929,461
1ABO,A,930,101
2ABL,A,930,101
6D0A,A,931,462
8IMA,A,932,463
5D3O,A,933,463
3SS3,A,934,463
5W2J,A,932,463
2PKF,A,935,464
1GVL,A,936,107
5MTC,A,937,465
1DBA,H,938,7
3O17,A,939,7
1DHN,A,940,466
6GOX,A,941,258
2VDA,A,942,258
2FSF,A,943,258
6S0K,h,942,258
7RMG,R,944,283
2KS9,A,945,283
3N4I,A,946,7
2G2W,A,946,7
3U0V,A,947,467
1IW7,D,948,7
8HSG,J,949,7
4GZY,D,950,7
1BVH,A,951,468
1C0E,A,951,468
3TFK,D,952,7
5VWK,A,953,107
8B82,A,953,107
6ESP,A,953,107
8CD3,B,953,107
1X5Q,A,953,107
5I97,A,954,469
8EMA,L,618,7
2Y06,L,955,7
3NTK,A,956,470
4Q5Y,A,957,471
1ADE,A,958,472
2AK5,A,959,156
3MKQ,A,960,111
2YNP,A,960,111
8HQW,A,961,473
2YNO,A,961,473
4J73,A,962,473
8ENS,A,961,473
4J79,A,961,473
8SZX,A,961,473
8ENX,A,961,473
5E2T,L,963,7
4D8B,A,964,474
1HM0,A,965,475
8OHD,D,966,476
5IA7,A,966,476
5IA8,A,966,476
7W3N,A,966,476
8C8I,A,967,477
1BN5,A,968,210
1P5X,A,969,478
1AH7,A,969,478
2FFZ,A,969,478
2FGN,A,969,478
2HUC,A,969,478
8HKC,C,970,479
6N4C,C,970,479
6AWB,03,970,479
5UAQ,C,970,479
5UAJ,C,970,479
3LU0,C,970,479
2KQS,A,971,7
2LAS,A,971,7
1A5R,A,971,7
2IY0,B,971,7
1WYW,B,971,7
2G4D,B,971,7
2UYZ,B,971,7
2BF8,B,971,7
2IY1,B,971,7
1TGZ,B,971,7
5ELJ,B,971,7
1Z5S,B,971,7
8ODR,B,971,7
2N1V,A,971,7
8OZ7,A,972,52
4GHQ,A,973,480
4NJN,A,974,6
5F5D,A,975,6
4P9U,A,976,481
4P96,A,976,481
7L8V,A,977,7
5OEO,A,978,7
2HF5,A,979,7
2FHG,2,980,482
5LZP,A,980,482
2JAY,A,981,482
3MKA,2,980,482
7PQE,A,982,7
5YIM,A,983,7
6QW2,A,984,483
6QW1,A,985,483
5LEK,A,986,483
6QVY,A,987,483
6QVZ,A,984,483
7JHX,A,988,162
2L8J,A,988,162
1I6C,A,989,7
1NMV,A,989,7
5H7G,A,990,192
3E4U,A,991,192
4U2M,A,992,7
1P4O,A,993,34
1HN9,A,994,484
1LB5,A,995,485
4Z8M,A,995,485
1LB4,A,996,485
5ZUJ,A,995,485
5VLN,A,997,7
7SC2,A,997,7
1YY8,A,998,7
5I76,A,998,7
4GW1,A,998,7
5GZ0,A,998,7
3VZ6,A,999,486
3VZ7,A,999,486
1KID,A,999,486
1LA1,A,999,486
3VZ8,A,999,486
1DK7,A,999,486
1JON,A,1000,486
3C9V,A,999,486
2YEY,A,999,486
1SS8,A,999,486
4HEL,A,999,486
5OPW,A,999,486
1GR5,A,999,486
4V43,1,999,486
2EU1,A,999,486
4WSC,A,999,486
1GRL,A,999,486
4B8J,A,1001,51
4BPL,A,1001,51
6J6F,A,1002,487
2GAR,A,1003,488
8CN1,A,1004,415
3KDH,A,1005,307
2KGG,A,1006,7
1MKW,K,1007,88
1ABT,A,1008,312
1JD4,A,1009,489
1XSA,A,1010,85
5TVV,A,1011,490
4LG6,A,1012,491
3V2X,A,1012,491
3SO8,A,1012,491
5TH6,A,1013,7
3SQC,A,1014,73
3BSQ,A,1015,492
3N4T,A,1016,493
3SGC,A,1016,493
6K3M,A,1017,7
6K6A,A,1017,7
6VIT,A,1018,494
6FC5,A,1019,495
1M6N,A,1020,258
3IQY,A,1020,258
3IQM,A,1020,258
3DL8,A,1020,258
1JUO,A,1021,496
2JC2,A,1021,496
1MJ5,A,1022,497
1IZ7,A,1022,497
1CV2,A,1022,497
4WDQ,A,1022,497
3VYN,A,1023,141
5DU7,A,1023,141
3OBQ,A,1024,498
2KI3,A,1025,7
1ZUH,A,1026,499
6YAI,F,1027,76
2IV8,A,1027,76
6YAF,B,1028,477
1QQG,A,1029,500
6P7P,A,1030,234
2XZB,A,1031,7
5GS8,A,1032,501
5JNR,A,1033,468
4Z99,A,1033,468
5HKL,A,1034,502
4ROF,A,1035,7
1YIU,A,1036,7
5CQ2,A,1037,7
5XMC,A,1038,7
1PWJ,A,1039,7
3P8M,A,1039,7
1RE6,A,1039,7
7CNU,A,1039,7
6L9O,A,1040,72
5IQP,A,1041,7
2CSS,A,1042,503
1SC1,A,1043,504
6KN0,A,1043,504
6VIE,A,1043,504
3E4C,A,1043,504
6V03,A,1044,505
2YN6,A,1044,505
8D67,A,1044,505
3UQ4,A,1044,505
5HEW,A,1044,505
5HEU,A,1044,505
5HEJ,A,1044,505
3UQ5,A,1044,505
5HEO,A,1044,505
3UQ7,A,1044,505
2VL0,A,1044,505
2YKS,A,1044,505
6HJY,A,1044,505
6HJY,E,1044,505
6HJY,B,1044,505
6HJY,D,1044,505
4BL2,A,1045,91
1BOQ,A,1046,506
1GBJ,A,1047,506
1P09,A,1048,506
1AB9,B,1049,507
1ACB,E,1049,507
1R6K,A,1050,508
1FMI,A,1051,509
2KPK,A,1052,510
3CKH,A,1053,511
2LW8,A,1054,511
3GXU,A,1055,511
4BKF,A,1056,511
5KKF,A,547,7
1LI0,A,547,7
6APA,A,547,7
8DDZ,A,547,7
1HTZ,A,547,7
5I52,A,547,7
5IQ8,A,547,7
2IO0,B,1057,7
4NPN,A,1057,7
2D07,B,1057,7
2AWT,A,1057,7
2CKH,B,1057,7
2MP2,A,1057,7
2IO3,B,1057,7
2N1W,A,1057,7
3ZO5,B,1057,7
3UIN,B,1057,7
2IO1,B,1057,7
2IYD,B,1057,7
6NNQ,B,1057,7
1WZ0,A,1057,7
7R2E,C,1057,7
2MP2,B,1057,7
4BKG,A,1057,7
7ZJV,B,1057,7
1WM2,A,1057,7
5ELU,B,1057,7
1WM3,A,1057,7
8U7I,A,1058,7
1BLR,A,1059,276
1BM5,A,1059,276
2FRS,A,1060,276
3QRX,A,1061,7
1NH7,A,1062,512
3FLM,A,1063,513
5GJ4,B,1064,514
5GPI,B,1064,514
1ZG4,A,547,7
3O6F,B,1065,515
3TJH,D,952,7
3H2X,A,1066,516
3BRH,A,1066,516
2QCJ,A,1067,516
6DF0,H,1068,7
3QRV,A,1069,397
1KS9,A,1070,517
1BY8,A,1071,7
3SAQ,A,1072,453
7VFE,A,913,453
6RWG,A,178,7
4K44,A,1073,518
4FBN,A,1074,6
6PBC,A,1075,6
7T8T,A,1076,6
1W8W,A,1077,519
2M0T,A,1078,520
3ZFY,A,1079,319
2OT8,A,1080,521
4KDI,A,1081,51
5EPP,A,109,51
3QC8,A,109,51
2PJH,B,109,51
3TIW,A,1082,51
7APJ,A,1083,400
1BV4,A,1084,522
6E51,A,1085,494
4A94,A,1086,10
3T7U,A,1087,7
3NMX,A,1088,7
3NMZ,A,1089,7
3QHE,A,1088,7
1DYW,A,1090,30
7MEX,A,229,7
3NIT,A,229,7
6KGI,B,229,7
5W7J,A,1091,523
2QR8,A,1092,524
2VYR,A,1093,38
2MWY,A,1093,38
3DAB,A,1093,38
6YAI,C,1094,511
1XI4,A,1094,511
6WCJ,A,1094,511
6SCT,A,1094,511
1BPO,A,1094,511
6QNN,A,1094,511
1C9L,A,1094,511
5M5R,A,1094,511
1C9I,A,1094,511
4F0I,A,1095,525
4GT5,A,1096,525
7VKM,A,1097,525
7KKM,A,1098,73
5TGW,A,1099,526
3NOF,A,1100,527
2L4Q,A,1100,527
2I1U,A,1100,527
3KZD,A,1101,528
1CHP,D,1102,529
1CHQ,D,1103,529
2LB1,A,1104,7
6BFL,A,1105,107
6BDV,A,1105,107
6BG0,A,1105,107
6BG1,A,1105,107
3PCX,A,1105,107
4QTY,A,1105,107
3PD1,A,1105,107
6BH9,A,1105,107
6BHA,A,1105,107
2J30,A,1105,107
3ITN,A,1105,107
6BGR,A,1105,107
5I9B,A,1105,107
2J33,A,1105,107
6BGK,A,1105,107
5IAK,A,1105,107
1QX3,A,1105,107
5IBP,A,1105,107
5IAS,A,1105,107
5IAJ,A,1105,107
4QU0,A,1105,107
5IBC,A,1105,107
5IAG,A,1105,107
6BGQ,A,1105,107
4QUA,A,1105,107
1I3O,A,1105,107
1CP3,A,1105,107
5IAN,A,1105,107
5IBR,A,1105,107
4EHA,A,1105,107
6BGS,A,1105,107
6BG4,A,1105,107
4EHD,A,1105,107
4EHF,A,1105,107
4QUL,A,1106,107
2J32,A,1105,107
2J31,A,1105,107
4QU5,A,1105,107
4QUB,A,1105,107
4JQY,A,1107,107
4EHH,A,1105,107
4EHL,A,1105,107
3PD0,A,1105,107
4EHN,A,1105,107
4EHK,A,1105,107
4QUD,A,1105,107
4QU9,A,1105,107
8SDN,A,1108,53
3IJ2,A,1109,530
1BTG,A,1109,530
1BET,A,1109,530
5XR1,A,1110,531
3ISW,A,1110,531
2MTP,A,1110,531
4P3W,A,1111,532
7SC4,A,1110,531
1JQQ,A,1112,295
2V1R,A,1112,295
1FLK,A,1113,533
1KZZ,A,1113,533
4GHU,A,1113,533
1RF3,A,1113,533
6H7A,A,1114,7
4O2C,A,1115,7
7FB9,A,1116,7
2ZKY,A,1116,7
1HL5,A,1116,7
1HL4,A,1116,7
2ZKW,A,1117,7
2NAM,A,1116,7
1UXL,A,1116,7
1UXM,A,1116,7
3GZQ,A,1118,7
3ECW,A,1116,7
1OEZ,W,1119,7
3H2Q,A,1120,7
5K02,A,1116,7
2VR6,A,1116,7
1AZV,A,1116,7
2VR7,A,1116,7
4MCM,A,1116,7
4L4R,A,1121,7
6EDB,A,1122,534
4O68,A,1123,534
7C0M,K,1122,534
4KM5,A,1122,534
8SHZ,A,1124,534
4MKP,A,1125,534
6Y5D,K,1122,534
6CT9,A,1126,534
6EDC,A,1127,534
8OKX,A,1122,534
8OL1,K,1122,534
3C0Y,A,1128,455
4U0T,A,1129,535
5CIP,H,1130,7
5CIP,A,1130,7
5WM9,A,1131,536
5BRZ,A,1132,7
6MPP,A,1132,7
6AT9,A,1132,7
4NQX,A,1132,7
1Z6B,A,1133,537
1ZHG,A,1134,537
2OKH,A,1135,537
2NS7,A,1136,538
2ETX,A,1137,539
2ADO,A,1137,539
1MM2,A,1138,7
3V2O,A,1012,491
4QQI,A,1012,491
1F8T,L,1139,7
1UNP,A,1083,400
2UZR,A,1140,400
7MYX,A,1141,400
5DL2,A,1142,540
2RNR,B,1143,541
1PFJ,A,1143,541
7DTI,B,1143,541
7BUL,A,1143,541
1J5H,A,1144,542
4PRS,A,1145,543
6GGP,A,1145,543
6XNJ,A,1146,544
2DC2,A,1146,544
2LOB,A,1146,544
2AKA,A,1147,7
1FMV,A,1148,7
2Y0R,X,1147,7
2Y9E,X,1147,7
2DL3,A,1149,107
2R02,A,1150,545
2OEV,A,1150,545
2XS1,A,1150,545
6KP3,A,1150,545
5WA1,A,1150,545
2OEW,A,1150,545
5V3R,A,1150,545
5YDY,A,1151,7
2LAW,A,1151,7
3NCP,A,1152,546
3G5X,A,1153,7
2H40,A,1154,547
1BC2,A,1155,548
4NQ4,A,1156,548
1BMC,A,1157,548
1DXK,A,1156,548
2NZF,A,1158,548
2NXA,A,1158,548
3RWC,A,1159,7
2L5F,A,1160,7
8PXW,A,1161,7
1ZR7,A,1162,7
2GT1,A,1163,549
3E8Q,A,1164,7
1P8M,A,1164,7
1P8O,A,1164,7
1HQX,A,1164,7
3RLA,A,1164,7
2RLA,A,1164,7
1TBL,A,1164,7
1P8P,A,1164,7
3E8Z,A,1164,7
1TBH,A,1164,7
1P8S,A,1164,7
1E0D,A,1165,113
2EQB,A,1166,550
8QDX,A,1167,551
4TMA,A,1167,551
1AB4,A,1168,551
4Z68,A,1169,552
4R71,A,1170,7
3AGP,A,1170,7
7VMC,A,1171,7
1EFU,A,1170,7
2V8D,A,1172,553
5NZH,A,1173,7
4J18,A,1173,7
3DVU,A,1174,328
2ABO,A,1174,328
3N6W,A,1175,29
4MQM,A,1176,554
1DQZ,A,1177,554
4QDX,A,1178,554
2EXE,A,1179,555
6N2U,A,1180,7
1IL8,A,1180,7
4XDX,A,1180,7
5WDZ,A,1180,7
1B08,A,1181,556
1PW9,A,1181,556
1JNX,X,1182,557
3PXB,A,1182,557
1T2U,A,1183,557
3PXC,X,1182,557
3PXA,A,1183,557
1N5O,X,1182,557
3PXD,A,1184,557
2ING,X,1182,557
6HL0,A,1185,558
1UTI,A,1186,383
2D0N,A,1186,383
1AP4,A,1187,7
8UWW,C,1188,7
1LA0,A,1188,7
6KLU,A,1189,7
4ORW,A,1190,559
4UP1,A,1191,13
5X5A,A,1191,13
3ED7,A,1192,13
3EDW,X,1193,13
3EF9,A,1194,13
3GG5,A,1191,13
4GYH,A,1194,13
5X4W,A,1195,13
5X4Y,A,1196,13
1HZW,A,1191,13
3VV9,A,1197,560
2JQJ,A,1198,561
2NXD,A,1199,26
6D48,E,1200,562
2RU4,B,1201,7
4HZS,A,1202,7
1U46,A,1203,7
6I5P,A,922,7
6I7A,A,1204,7
6I68,A,922,7
7LIQ,A,922,7
7LIO,A,922,7
7KLZ,A,922,7
3HQI,A,1205,7
8JB5,A,1206,7
1X69,A,1207,6
5H61,A,1208,563
3HQH,A,1209,7
2WNQ,A,1210,451
2WO5,A,1210,451
2CPT,A,1211,424
4U7Y,A,1211,424
2JQH,A,1211,424
1WR0,A,1211,424
2ZAM,A,1212,564
1BKL,A,1213,7
1DHP,A,1214,565
1S5V,A,1214,565
1S5T,A,1214,565
1S5W,A,1214,565
2A6N,A,1214,565
2A6L,A,1214,565
1RCH,A,1215,181
1LAW,A,1215,181
1RDB,A,1215,181
1LAV,A,1215,181
3AA4,A,1215,181
1GOB,A,1215,181
1KVC,A,1215,181
1RDC,A,1215,181
1RDA,A,1215,181
1RBU,A,1215,181
1RBV,A,1215,181
3AA2,A,1215,181
3AA5,X,1215,181
3AA3,A,1215,181
1KVA,A,1215,181
1RBT,A,1215,181
1KVB,A,1215,181
1RBS,A,1215,181
1RBR,A,1215,181
1GOA,A,1215,181
1MIE,L,1216,7
1N7O,A,1217,566
1N7N,A,1217,566
1N7P,A,1217,566
1YOV,A,1218,567
1R4M,A,1219,567
1TT5,A,1219,567
5XJM,A,1220,568
7C6A,A,1221,568
5MOA,A,1222,307
7Z1P,A,1222,307
3UIR,A,1223,569
6D3X,A,1223,569
5Z6Q,A,1224,570
3VFD,A,1225,570
4OYJ,A,249,135
4JUY,A,249,135
4P09,A,249,135
4OYK,A,249,135
4REX,A,1226,7
5YDX,A,1226,7
5MGV,A,1227,571
6JK2,A,1228,91
6SYF,A,1229,572
5J34,A,1230,573
2FE8,A,1231,574
5TL6,B,1231,574
5DTP,A,1232,575
1G5V,A,1233,7
1MHN,A,1233,7
1J19,A,1234,41
2EMS,A,1234,41
2D2Q,A,1234,41
2D10,A,1234,41
2ZPY,A,1234,41
1S2O,A,1235,576
4NPP,A,1236,577
2XQ3,A,1236,577
2XQ9,A,1236,577
5HEH,A,1236,577
3EI0,A,1236,577
5HEG,A,1236,577
6HZ3,A,1236,577
3LSV,A,1236,577
4LML,A,1236,577
5NKJ,A,1236,577
6EMX,A,1236,577
1OPF,A,1237,578
1BT9,A,1237,578
7FDY,A,1238,578
7FF7,A,1237,578
1HXU,A,1237,578
1IYS,A,1239,101
1BZA,A,1239,101
1WE4,A,1239,101
2ZQ8,A,1239,101
2XQZ,A,1239,101
2O8M,A,1240,122
2OIN,A,1241,122
2QV1,A,1242,122
1A1R,A,1243,122
2E3C,A,1244,579
6B26,A,1245,580
6B28,A,1246,580
1WR4,A,1247,7
3OC2,A,1248,581
3PBN,A,1249,581
6HR4,A,1250,581
6HZR,A,1250,581
6R40,A,1250,581
5HQ2,M,1251,281
7D1Z,K,1251,281
5SVA,n,1252,582
2LGR,A,1253,583
4J5Q,A,1253,583
2EEE,A,1253,583
2PEK,A,1254,584
3D9T,A,1255,7
1QBH,A,1255,7
3MYI,A,1256,7
7KTT,A,1256,7
5WLG,A,823,7
2LGG,A,1257,7
3T6R,A,1257,7
1BQT,A,1258,585
8EYR,C,1259,585
8IY5,B,1260,586
7XP4,B,1260,586
7D68,B,1260,586
8JKB,B,1260,586
7XAT,C,1260,586
8H0P,B,1260,586
6M1H,E,1260,586
6X18,B,1260,586
8JGF,B,1260,586
7XA3,B,1260,586
7RMG,B,1261,586
7F53,B,1260,586
7XJK,C,1260,586
7L0P,B,1260,586
8JBG,D,1260,586
7W3Z,C,1260,586
1B9X,A,1260,586
7L1U,B,1260,586
7BB6,C,1260,586
6B20,A,1260,586
8JBF,D,1260,586
7Y89,B,1260,586
4QK3,A,1262,0
1Y5O,A,1263,587
2LOX,A,1263,587
1W0N,A,124,7
2H3F,A,178,7
1HIW,A,178,7
7MRL,B,178,7
1H6P,A,1264,588
3BUA,A,1265,588
3BU8,A,1265,588
4M7C,A,1266,588
1A9B,A,1267,7
1CG9,A,1267,7
1A1N,A,1267,7
1ZHL,A,1267,7
5XOS,A,1267,7
3VFM,A,1267,7
3VFO,A,1267,7
3VFN,A,1267,7
4RD9,A,1268,589
3PMR,A,1268,589
2L4S,A,1269,156
2KG2,A,1269,156
3DJ3,A,1269,156
3SFJ,A,1269,156
4NNL,A,1269,156
4E3B,A,1269,156
5HAI,A,1270,146
5ZKS,A,1271,590
1MC7,A,1272,591
5TDA,A,1273,592
3NY2,A,1273,592
3DFJ,A,1274,593
1PRL,C,1275,7
4ARH,A,1276,594
4FH8,A,1277,595
5ZCJ,C,1278,7
1SSF,A,1278,7
2G3R,A,1278,7
8SVG,A,1278,7
1XNI,A,1278,7
5J26,A,1279,7
3KXS,A,1280,596
4BMG,A,1280,596
5WTW,A,1280,596
8GHS,A,1280,596
6VZP,A,1280,596
2QIJ,A,1280,596
4NNK,A,1281,597
4NNG,A,1281,597
3G6L,A,1282,183
5M8K,A,1283,7
5M8A,A,1283,7
5M8J,A,1283,7
3SHB,A,1257,7
1CBI,A,1284,276
2GFV,A,1285,598
2GFW,A,1285,598
8HGQ,A,1286,599
2LT5,A,1287,600
1CP7,A,1288,601
1KIT,A,1289,602
4NZV,A,1290,7
3THN,A,1291,7
2DNV,A,1292,34
3M2L,A,1293,603
4U6V,A,1294,603
3M4D,A,1293,603
4IDJ,A,1295,603
3GCI,A,847,48
1PK5,A,1296,604
3MQP,A,1297,605
2VM6,A,1298,605
5UUK,A,1297,605
3WAP,A,1299,29
2NCN,A,1299,29
3VVW,B,1299,29
1BKZ,A,1300,96
1W6X,A,1301,53
1Z9Q,A,1301,53
5I8C,A,1302,7
5I8E,A,1303,7
8ELI,H,1302,7
1BML,A,1304,569
1L4Z,A,1304,569
1DDJ,A,1304,569
1L4D,A,1304,569
6D40,A,1223,569
2R1U,A,1305,6
1P5F,A,1305,6
3CY6,A,1305,6
1PE0,A,1305,6
2RK3,A,1305,6
2RK4,A,1305,6
1J42,A,1305,6
6OUU,A,1306,68
3EDG,A,1307,606
4Z70,A,1308,607
1WCF,A,1308,607
3JBQ,1,1309,608
6X88,A,1310,609
6HV3,H,1311,610
2WVY,A,1312,611
1J7Z,B,310,34
4K7M,A,310,34
1CJQ,B,310,34
4FQV,A,1313,147
6VED,A,1314,52
8IJ5,B,1315,612
6V4P,B,1316,612
7PK5,A,1317,613
1D1Z,A,1318,7
1G3G,A,1319,614
1J4O,A,1319,614
1A6Q,A,1320,615
4RA2,A,1320,615
3FXJ,A,1320,615
4RAG,A,1320,615
4RAF,A,1320,615
2R7G,A,1321,187
3JCO,7,1322,616
4CR2,5,1322,616
1G0U,K,1322,616
4QUY,K,1322,616
1FNT,L,1322,616
4QUX,K,1322,616
4QV7,K,1322,616
4QV6,K,1322,616
5CZA,K,1322,616
4QV5,K,1322,616
4QV3,K,1322,616
5FGA,K,1322,616
4QV4,K,1322,616
4QV1,K,1322,616
5CGF,K,1322,616
4QV0,K,1322,616
4QV8,K,1322,616
4QV9,K,1322,616
2W7S,A,1323,617
2L6J,A,1324,618
2LSU,A,1324,618
1MU5,A,1325,619
5RJI,A,1326,620
2WFE,A,1327,621
1PA0,A,1328,156
1PC9,A,1328,156
3F2U,A,1329,34
1AP0,A,1329,34
1BA3,A,1330,16
3IEP,A,1330,16
5DV9,A,1330,16
1TFU,A,1331,622
4R0N,A,1331,622
2WMP,A,1332,623
7LHG,D,1332,623
5K93,A,1333,623
1PDK,A,1332,623
6CD2,A,1332,623
1QPP,A,1334,623
5CRU,A,1335,624
2JQG,R,1336,625
8XE7,A,1337,441
6ZN3,B,1338,94
4G3Y,C,1339,11
5YOY,A,1339,11
6RMJ,A,1339,11
1A8M,A,1339,11
3L9J,T,1339,11
1TNF,A,1339,11
4LAV,A,1340,7
1N1A,A,1341,7
1QZ2,A,1342,28
3DNK,A,1343,626
7WSO,B,1344,626
6FCZ,H,1344,626
4NQS,B,1343,626
3S7G,A,1344,626
8C8P,H,1345,7
5DVN,A,1346,626
5DVK,A,1343,626
8I4F,C,1347,7
7RFP,H,1348,7
7X13,A,1343,626
7D5Z,D,1349,7
7F9W,B,1350,7
8JIO,C,1351,7
7Z12,B,1352,7
8DYT,A,1353,7
8DYW,A,1354,7
8P5M,G,1355,7
3DJ9,A,1356,627
1Y2Q,A,1357,114
8OK2,E,1358,628
1YX5,B,1359,73
7LYC,K,1359,73
5CVM,B,1359,73
5UDH,E,1359,73
6NN6,L,1359,73
2K6D,B,1359,73
5LN1,U,1359,73
6QF8,A,1359,73
3J7O,m,1360,295
7K5I,f,1361,629
1CMX,B,1359,73
4AP4,C,1359,73
2MBB,B,1359,73
6JKY,C,1359,73
1AAR,A,1359,73
3JVZ,X,1359,73
2LD9,A,1359,73
3DVG,X,1359,73
2KHW,B,1359,73
6KFP,D,1359,73
5VYC,f1,1361,629
6UPU,B,1359,73
3J7P,Sf,1362,629
8SN3,M,1359,73
4NQK,E,1359,73
7E8I,L,1359,73
3VDZ,A,1359,73
3K9O,B,1359,73
4WHV,A,1359,73
2OJR,A,1359,73
4LCD,E,1359,73
5OE7,B,1359,73
5O44,B,1359,73
3WXE,B,1359,73
2Y5B,B,1359,73
7TV4,C,1359,73
5DK8,A,1359,73
4KSL,C,1359,73
6KBE,G,1359,73
4ZQS,A,1359,73
2ZVN,A,1359,73
6N5M,A,1359,73
3U30,A,1359,73
5YDR,A,1359,73
3LDZ,E,1359,73
6A43,A,1359,73
6A42,A,1359,73
6A44,A,1359,73
3Q3F,A,1359,73
5H07,A,1359,73
2MSG,A,1359,73
5B83,A,1359,73
7YUI,A,1359,73
5ZBI,A,1363,41
7UN3,A,1364,630
3QE1,A,1365,107
3QDO,A,1365,107
3QGL,A,1365,107
6UZB,H,1366,7
1XFU,A,1367,7
2RAW,A,1368,631
1E31,A,1368,631
1F3H,A,1368,631
6YIE,A,1368,631
3UEE,A,1368,631
3UEI,A,1368,631
1AVK,A,1369,632
1UI7,A,1369,632
4HRG,A,1370,7
4HRH,A,1370,7
4HRE,E,1370,7
1A4P,A,1370,7
4DRW,A,1370,7
3UTM,A,1371,633
5JHQ,A,1372,634
3D5V,A,1373,458
3D5U,A,1374,458
3ZYS,B,1375,635
3SZR,A,1376,635
6AJD,A,1377,636
3ZHP,C,1378,637
3SOB,B,1379,638
1CWR,A,1380,639
1CWT,A,1380,639
2A2K,A,1381,639
2UZQ,A,1380,639
2IFV,A,1380,639
1YMK,A,1381,639
8T7T,A,1382,640
2G33,A,1383,596
6CWD,C,1384,596
6CVK,C,1383,596
5GGF,A,1385,641
1KJW,A,1386,41
5YPR,A,1387,41
2XKX,A,1388,41
4FFX,A,1389,642
4FLC,A,1390,642
5SVI,A,1391,113
6IRE,B,1392,343
6B5L,L,1393,7
8BTB,A,1394,626
8BTB,B,1394,626
2APR,A,1395,643
1UH7,A,1395,643
8PVH,A,1396,132
4WJ9,A,1396,132
1OEB,A,1186,383
3OQ7,A,1397,26
1KXR,A,1398,644
1VHI,A,1399,645
1B3T,A,1399,645
5WMF,A,1399,645
8DLF,A,1399,645
7U1T,A,1399,645
1K5H,A,1400,646
5IOL,A,1401,220
3RL8,A,820,415
2I7U,A,1402,647
8CR3,A,1403,648
1EZM,A,1403,648
8FMM,A,1404,7
2JT3,A,1405,7
2JT0,A,1406,7
2CTN,A,997,7
1AJ4,A,1407,7
1CRW,G,1408,649
1X50,A,1409,280
3E6U,A,1410,650
7ZUH,AAA,1411,651
2FFF,B,1411,651
5UBL,A,1412,556
1XFH,A,1413,652
4P19,A,1413,652
2DIT,A,1414,107
6NSX,A,1414,107
6Y50,q,1415,403
7Q3L,q,1416,403
1XH3,A,1267,7
4PRH,A,1417,7
2L9S,B,1418,653
1G1E,B,1418,653
3QJ8,A,1419,143
3UTK,A,1420,654
1F7W,A,1421,655
1F46,A,1421,655
4OZ0,A,1422,73
2LQ5,A,1422,73
4J5O,A,1422,73
4RU2,A,1422,73
3SJ8,A,1423,480
3SJ9,A,1423,480
1X3Q,A,1424,34
3UI2,A,1425,34
3FNS,A,1426,397
3P16,A,1427,234
4TR7,A,1428,234
3RB9,A,1429,234
8QGY,A,1430,656
6ZEH,A,1431,7
3N5U,A,1431,7
4G9J,A,1431,7
6DCX,A,1431,7
5ZT0,A,1431,7
1N1S,A,1432,657
1NGZ,B,1433,7
8SOJ,A,1434,658
5GRU,A,531,7
3I32,A,1435,659
1GO5,A,1436,660
1JKG,B,1437,661
6E5U,A,1437,661
4Q9H,A,1438,234
4M1M,A,1438,234
4KSB,A,1438,234
5KPI,A,1438,234
3G5U,A,1438,234
4LSG,A,1438,234
3P9W,A,1439,511
6T9D,CCC,1440,511
3V2A,A,1439,511
1BJ1,V,1439,511
5FV1,V,1439,511
1FLT,V,1439,511
2QR0,C,1439,511
3S1B,V,1439,511
1CZ8,V,1439,511
1E0L,A,1441,7
4E5E,A,1442,80
1LXA,A,1443,268
3UIJ,A,1444,631
8CAG,A,1445,98
4KFW,A,1446,662
5H3J,A,1446,662
2D4U,A,1447,663
8C5V,I,1448,663
6S1K,E,1448,663
4Z6J,A,1449,664
4Z27,A,1449,664
6RTQ,A,1449,664
2EYW,A,1450,7
1CKA,A,1450,7
1M3C,A,1450,7
1M30,A,1450,7
2EYY,A,1450,7
2EYZ,A,1450,7
1M3B,A,1450,7
1M3A,A,1450,7
3Q90,A,1451,665
7XHF,A,1451,665
7SUO,A,1452,665
8TH1,A,1452,665
4IIA,A,1452,665
1BP5,A,1453,312
4MEL,A,1454,666
2W46,A,1455,667
1G2P,A,1456,668
2DSB,A,1457,172
1YDP,A,1458,7
3KYN,A,1458,7
2DYP,A,1458,7
3KYO,A,1458,7
4AIF,A,1459,156
1YPT,A,1460,669
1LYV,A,1460,669
1YTS,A,1460,669
6O22,D,1461,670
7UNK,D,1461,670
2IDC,A,1461,670
5EII,G,1462,670
5UEA,D,1463,670
1ROC,A,1461,670
4OMV,A,1464,352
6WMR,M,1465,352
1UTH,A,1466,671
2Y7R,A,1466,671
1UTH,B,1466,671
5AE4,A,1466,671
1AUI,A,106,7
4ORB,A,106,7
2P6B,A,106,7
3LL8,A,106,7
5C1V,A,106,7
2JOG,A,106,7
3ERY,A,747,7
4WMQ,A,1467,672
1A98,A,1468,673
3RSM,A,1469,674
3EW1,A,1470,675
4HFZ,A,1471,38
4X1O,A,1472,676
5BW5,A,1472,676
3WXI,A,1473,677
4YNA,A,1474,678
4ZHU,A,1474,678
4YN9,A,1474,678
4NFB,A,1475,7
4HGQ,A,1476,7
1K5W,A,1477,679
5T0S,A,1477,679
6TZ3,A,1477,679
7TUA,A,1477,679
6U4W,A,1477,679
6U4U,A,1477,679
6U41,A,1477,679
5VFF,A,1478,679
5CCG,E,1479,680
2R83,A,1480,681
2N1T,E,1477,679
5KJ7,E,1479,680
2FUI,A,1481,280
1WCL,A,1482,0
5LM9,A,1482,0
5LM7,A,1482,0
6FLQ,F,1482,0
5MS0,M,1482,0
8PIL,F,1482,0
7UBN,N,1482,0
5ZFH,A,1483,492
6UP1,A,1484,108
1WYI,A,1484,108
6C2G,A,1484,108
7SX1,A,1484,108
4POC,A,1484,108
2VOM,A,1484,108
4POD,A,1484,108
4UNK,A,1484,108
6UP8,A,1484,108
4ZVJ,A,1484,108
4UNL,A,1484,108
7RDE,A,1485,108
4BR1,A,1486,108
6NLH,A,1484,108
3ULQ,A,1487,682
3SJK,A,1488,480
2M04,A,1489,328
1G5J,A,1489,328
6YLI,A,1490,328
7XGF,B,1490,328
6GN0,A,1491,7
2BQ0,A,1491,7
1K19,A,1492,683
1DQG,A,1493,7
2GDN,A,1494,101
3ZHH,A,1494,101
8BTU,A,1494,101
4JLF,A,1494,101
1GM1,A,1495,34
5XVL,A,1496,684
4Z0O,A,1497,335
3S3Y,A,1498,685
4J4C,A,1498,685
3S3Z,A,1498,685
4D2O,A,1499,686
6DGU,A,1500,686
1YUY,A,1501,85
2MPH,A,1502,687
1PI1,A,1503,688
4J1V,A,1504,688
5TWF,A,1505,688
1AQD,B,1506,515
1HXY,B,1507,515
4X5X,B,1508,515
4I5B,B,1506,515
5C3T,A,1509,7
5GGT,A,1509,7
7C88,C,1509,7
5GRJ,A,1509,7
5X8L,A,1510,7
5IUS,C,1509,7
5JDR,A,1509,7
7XAD,A,1509,7
7XAE,A,1509,7
3SBW,C,1509,7
3FN3,A,1509,7
7YDS,A,1509,7
4ZQK,A,1509,7
3DEO,A,1511,34
5XMB,A,1512,689
3VU7,H,1513,690
4GK0,E,1513,690
2LSI,A,1513,690
4EXT,A,1513,690
2N1G,A,1513,690
1N4O,A,1514,101
3UXG,A,1515,491
2L05,A,1516,691
5J17,A,1516,691
3FM3,A,1517,210
8IF6,C,1518,90
4IH9,A,1518,90
3VXK,A,1518,90
1UTC,A,1094,511
7AHC,A,1519,692
8GBL,A,1520,693
7N9F,o,1521,7
4DS1,A,1521,7
5HFD,A,1522,41
5HET,A,1522,41
6ON7,A,1523,494
3NWU,A,1524,420
7SJO,A,1524,420
6Z0E,A,1524,420
7SJN,A,1524,420
3TJN,A,1524,420
2K7Z,A,1525,694
1I4E,B,1526,694
8YBX,A,1527,695
1HIL,A,1528,7
1IFH,L,1528,7
3DLM,A,1529,7
1Z33,A,1530,236
4B3K,A,1531,7
8F3B,A,1532,7
5B5Q,A,1533,696
5B5Q,B,1533,696
4GND,A,1534,7
1KMZ,A,1535,697
2B43,A,1536,698
1NTE,A,1537,184
1OBX,A,1537,184
1F8H,A,1538,7
2JXC,A,1538,7
1EH2,A,1538,7
2BMY,A,1539,699
6BGH,A,1540,700
7JMY,A,1540,700
1JLY,A,1541,701
3OSY,A,1542,480
2E7N,A,1543,77
5HFR,A,1543,77
3ECM,A,1544,192
6LBH,D,1545,7
2WL6,A,1546,7
3MEW,A,1547,702
1VSM,A,1548,703
1VSK,A,1548,703
4FW2,A,1549,703
7PTD,A,1550,704
2PTD,A,1550,704
4PTD,A,1550,704
3PTD,A,1550,704
5PTD,A,1550,704
6PTD,A,1550,704
8VU6,A,1551,122
8VU8,A,1552,122
1JR3,A,1553,7
3GLH,B,1553,7
4Z7G,A,1554,705
2JU3,A,1555,233
1I1I,P,1556,706
2O3E,A,1556,706
1AVP,A,1557,462
6C4S,A,117,7
4G8K,A,1558,707
1TP3,A,1522,41
1DI0,A,1559,708
2CS5,A,1560,111
2VPH,A,1560,111
7VZE,A,1560,111
1SVJ,A,1561,709
3L42,A,1562,710
2X35,A,1562,710
4JB8,A,1563,107
1I4O,A,1563,107
4HQ0,A,1564,107
4FDL,A,1563,107
1I51,A,1563,107
7WZS,B,1563,107
1GQF,A,1563,107
1KMC,A,1563,107
1K86,A,1563,107
1JZU,A,1565,468
3U3F,A,915,418
6DO6,A,1566,233
2F73,A,1566,233
2PY1,A,1566,233
2L67,A,1566,233
7OXK,A,1567,711
4ZNX,A,835,7
1NG2,A,1568,7
1UEC,A,1569,7
1WLP,B,1568,7
7YXW,A,1568,7
6MT4,A,1570,7
3DVH,A,1571,7
5XW4,A,1572,7
1E1E,A,1573,16
1HXJ,A,1573,16
2MC4,A,1574,712
6GZJ,A,1575,7
1CMI,A,1575,7
1F3C,A,1575,7
7D35,A,1575,7
7RW8,A,1576,713
6OWT,A,1576,713
6URI,A,1576,713
1Y1N,A,1577,210
4OOK,A,1577,210
3ROR,A,1577,210
6HB0,A,1509,7
2NCZ,A,1578,700
2JNS,A,1578,700
5FXG,B,1579,99
7TE9,B,1580,99
7TEB,B,1580,99
3F2O,A,1581,714
1FL5,A,1582,7
1L54,A,124,7
1L77,A,124,7
2OVP,B,1583,715
1MV3,A,1584,7
1MUZ,A,1584,7
1JH5,A,1585,716
1KD7,A,1585,716
4V46,A0,1585,716
6FXN,A,1585,716
7S8Q,A,1586,7
1Q94,A,1586,7
7OW4,A,1586,7
4MJ5,A,1586,7
8I5C,A,1586,7
3HEI,A,1587,511
3C8X,A,1588,511
2X11,A,1587,511
8FY3,A,1589,717
2CP5,A,1590,7
2E3I,A,1591,7
2CP7,A,1590,7
1MRV,A,1592,400
1GZN,A,795,400
2YNS,A,1001,51
3KV9,A,1593,487
3URY,A,1594,718
2KCN,A,1595,719
2RAL,A,1596,720
8SV1,A,1043,504
1J2F,A,1597,39
1QWT,A,1598,39
5JEM,A,1598,39
1GIS,A,813,410
4QUC,A,1599,34
5YB9,A,1600,30
5JDB,A,1601,721
6FDP,A,1602,166
6GXZ,A,1602,166
4J4R,A,1603,7
3B7B,A,1604,511
6BY9,A,1604,511
5T6P,A,1605,7
2A1I,A,1606,722
2JPD,A,1606,722
6SXA,G,1606,722
2KM4,A,1607,723
5WOZ,A,1607,723
1XZ9,A,1608,724
7QCR,A,1609,724
2AIN,A,1608,724
2YNN,A,961,473
4BTA,A,1610,97
4BT8,A,1611,97
1DDM,A,1612,725
4RIR,A,1613,7
2DIW,A,1614,205
8TQI,A,1615,726
1LF6,A,1616,156
4NTZ,A,1617,727
4J2L,A,1618,490
1OA8,A,1618,490
5AZF,A,1619,162
1O0P,A,1620,728
2M52,A,1620,728
5XXY,A,1621,7
5JDS,A,1509,7
4JA3,A,1622,7
4QIQ,A,1623,7
6N3I,A,1624,7
4NXP,A,1625,528
2DQX,A,1626,729
1BYA,A,1626,729
1UKO,A,1627,729
2PSF,A,1628,107
6E83,B,1629,730
1A33,A,1630,30
2JMI,A,1631,7
1GVJ,A,1632,731
4L0Y,B,1632,731
3WTS,C,1632,731
1MD0,A,1632,731
3MFK,A,1632,731
3RI4,A,1632,731
1MDM,B,1632,731
3WTX,C,1632,731
1R36,A,1632,731
3WTY,C,1632,731
1P14,A,1633,34
8U4B,A,1634,732
7BW7,A,1635,733
8VJB,A,1636,732
7PG0,A,1637,732
1IRK,A,1638,34
6PXV,A,1639,732
3CIV,A,1640,734
5XN3,A,1641,714
2JLN,A,1642,735
1RZX,A,890,440
4KM9,A,1643,736
4J5W,C,1644,7
1M47,A,1645,329
1IRL,A,1646,329
5LQB,A,1647,329
3KQG,A,1648,737
3P7F,A,1648,737
3C22,A,1648,737
7WZ8,A,1648,737
1C69,A,443,7
5UH5,D,1649,7
5ZX2,D,1649,7
6EDT,D,1649,7
6C04,D,1649,7
7PP4,d,1649,7
7Q4U,CA,1649,7
1GZD,A,1650,7
2HAQ,A,1651,30
6L2B,A,1651,30
3BT8,A,1651,30
1NHA,A,1652,738
1I27,A,1652,738
5IY6,S,1653,739
4LZ6,A,1654,740
5C6N,A,1654,740
1V04,A,1655,741
6G82,A,1656,741
1A0S,P,1657,7
1EM8,A,1658,742
1NZO,A,1659,743
1HD8,A,1660,743
2KZS,A,1661,744
3O2B,A,1662,381
2W9R,A,1662,381
3O2O,A,1662,381
5V5M,A,1663,7
2YPK,A,1663,7
3X12,A,1663,7
2HJK,A,1663,7
2BVO,A,1663,7
2YPL,A,1663,7
2VSP,A,1664,745
3TMH,A,1664,745
2EEJ,A,1664,745
2KYG,A,1665,307
5XBY,A,1665,307
4ZP3,A,1665,307
5MK6,A,373,198
4JRA,A,1666,198
3FUO,A,1666,198
5JMC,A,1667,198
3GNS,A,1668,746
3GNT,A,1669,746
3CO2,A,1670,431
2ZD9,A,1670,431
4CHV,A,1670,431
7O0J,A,1671,233
1MVG,A,1671,233
4B9X,A,1672,747
4JE4,A,1673,7
6ATD,A,1674,748
6CMP,A,1675,48
5IBM,A,1676,48
4OHE,A,1677,7
4DGX,A,1678,7
5BK8,A,1679,7
4OHL,A,1680,7
4OHI,A,1678,7
4DGP,A,1678,7
4OHD,A,1681,748
4OHH,A,1682,7
6G3X,A,1683,749
4JJQ,A,1684,204
4KG9,A,1684,204
1YY6,A,1684,204
2F1W,A,1685,204
2F1X,A,1686,204
3TX4,A,1023,141
7A11,A,1023,141
2O8A,A,1687,7
4V0V,A,1687,7
6CCJ,A,1688,622
1A6S,A,1688,622
5KZA,A,1688,622
5KZ9,A,1688,622
1UAJ,A,287,7
4YGA,A,1689,750
5TP6,A,1690,7
2M3S,A,1691,7
2LV6,A,1692,7
1MXE,A,1693,7
1OOJ,A,1693,7
1DEG,A,1694,7
3WYI,A,1695,399
3ZPE,A,1696,751
6MZD,C,1697,752
4PGG,A,1698,753
5CKD,A,1699,258
3NFC,A,1700,258
1UB4,A,1701,258
6Z6Z,A,1702,233
1BB9,A,1703,7
3BQO,A,1704,754
1H6O,A,1705,754
5XUP,A,1706,754
2LV9,A,1707,755
1DPT,A,1708,756
8VG7,A,1708,756
7MW7,A,1708,756
7MRV,A,1708,756
8VDY,A,1708,756
5WIR,A,1706,754
2MWN,B,1709,7
4F7G,A,1709,7
1MK7,B,1709,7
1Y19,B,1709,7
1MIZ,B,1709,7
1MIX,A,1709,7
3IVF,A,1709,7
6VGU,A,1709,7
4DNQ,A,1710,90
1OW1,A,1711,757
4QQT,A,1712,184
4QQJ,A,1713,184
4TYE,A,1714,184
2B3S,A,561,299
5VB0,A,1715,7
5T3T,A,1716,758
2O9P,A,1717,7
5YQ4,A,1718,759
2LNC,A,1719,760
4IN1,A,1720,760
3UR6,A,1721,760
2FYQ,A,1721,760
1B4C,A,1722,7
2K7O,A,1722,7
6O5W,A,1723,113
3PO8,A,1724,7
2LC1,A,1724,7
2YVX,A,1725,34
1IRU,1,1726,761
8QYS,O,1726,761
5YC2,A,1727,7
6PXB,A,1728,762
1D5B,B,1729,7
1MH6,A,1730,763
1NGY,B,1731,7
3H1Z,A,1027,76
3U39,A,1732,764
3PFK,A,1732,764
4I36,A,1732,764
4AR1,A,1733,765
1LTU,A,1734,766
4Q3X,A,1735,766
4Q3Z,A,1735,766
4Q3Y,A,1735,766
4ESM,A,1734,766
4ETL,A,1734,766
2ED1,A,1736,205
2RQT,A,1736,205
8HLO,A,1736,205
2KRG,A,1737,520
2KJD,A,1737,520
6RQR,A,1737,520
8OH4,A,1738,767
2LIE,A,1739,768
4B6V,A,1740,769
2HQE,A,1741,770
2O4X,A,1741,770
7MJU,A,1742,592
5DAG,A,1742,592
5LS3,A,1743,771
6EVI,A,1744,772
2DKQ,A,1745,773
2XRA,A,1746,7
3MA9,A,1746,7
1ENV,A,1746,7
7AEJ,A,1746,7
4YZ1,A,1747,774
4UPB,A,1748,775
5FKX,A,1748,775
7WA8,A,1749,90
2C3F,A,1750,776
2PNS,A,1751,777
3LQH,A,1752,7
5Z67,A,1753,778
1R5V,B,1754,515
6KKG,A,1755,7
3VGO,A,1756,419
2FMM,A,1757,779
5T1G,A,1757,779
1S4Z,A,1757,779
1DZ1,A,1757,779
1EOT,A,1758,780
1YFN,A,1759,781
4PK9,A,1760,782
6MK6,A,1761,101
5CF3,A,1762,720
1X5N,A,1763,783
5K7M,A,1764,7
3BZQ,A,1765,784
3O6K,L,1766,7
2XI5,A,1767,7
5AMR,A,1767,7
6Z6B,EEE,1767,7
5AMQ,A,1767,7
3JCR,C,1768,219
6S8Q,B,1769,219
4F91,B,1769,219
6S8O,B,1769,219
6S9I,B,1769,219
3T2B,A,1770,785
4QXT,B,1771,7
7QU6,A,1772,562
2N7A,A,1772,562
7QUH,A,1772,562
2WA8,A,1662,381
6GBD,A,1773,786
1WHV,A,1774,787
3EES,A,1775,788
1VH0,A,1776,789
4PYI,A,1777,238
2YRO,A,1778,790
8HL9,A,1778,790
3RT2,A,1779,791
3RT0,C,1779,791
2XLB,A,1780,792
5UQS,A,1781,793
1CCD,A,1782,794
2JP7,A,1783,795
8HBN,A,1784,796
2GLS,A,1785,544
6RMN,A,1786,7
5LSO,A,1787,125
4HL0,A,1788,797
3Q1Q,A,1789,798
3UMZ,A,1790,799
3UN0,A,1790,799
6AVQ,A,1791,800
8IJ5,E,1792,800
6HQ2,A,1793,801
4FNP,A,1794,802
4FNR,A,1794,802
2LU3,A,1795,803
2F15,A,1795,803
2CHE,A,1796,804
2CHY,A,1796,804
1Q1J,H,1797,7
3GHB,H,1797,7
2LSK,A,1513,690
4BA9,A,1513,690
1F47,B,1421,655
2K43,A,1798,219
1EVT,A,1798,219
4J23,B,1798,219
2RQ9,A,1798,219
3FJB,A,1798,219
1JT3,A,1798,219
1DZC,A,1798,219
1K5V,A,1798,219
3FJ8,A,1798,219
1K5U,A,1798,219
1DZD,A,1798,219
1Z2V,A,1798,219
5IFE,C,1799,113
7EVN,C,1800,113
3L8I,A,1801,156
4GEH,A,1801,156
3L8J,A,1801,156
5W7I,A,1091,523
5XZC,A,1802,104
7W9V,K,1803,104
6YOP,A,1804,162
7LSW,A,1804,162
7AA8,C,1804,162
1KOT,A,1804,162
7LT6,A,1804,162
6HYL,A,1804,162
6HYN,A,1804,162
1KJT,A,1804,162
8T2M,A,1804,162
1GNU,A,1804,162
5DPS,A,1804,162
1H3H,A,1186,383
4OYE,A,1805,652
1PTA,A,1806,53
8G57,K,1807,805
2VWF,A,1808,806
2MIC,A,1809,807
8JF7,D,1810,30
2MNY,A,1811,7
7NSC,D,1812,808
6CCT,A,1813,808
7Q4Y,A,1814,808
7Q50,A,1815,808
6CCU,A,1815,808
5CGS,A,1816,53
6GSE,A,1817,809
4GSL,A,1818,810
3VH2,A,1819,810
3VH1,A,1819,810
4GSK,A,1820,810
3T7H,A,1821,810
6MR4,A,1822,365
6K15,J,1823,811
2BRF,A,1824,7
3VA2,C,1825,812
2LN0,A,1826,813
4LJN,A,1827,813
4MQV,A,1828,814
1Z1D,A,1828,814
3PNW,C,1829,322
2WWP,A,1830,559
8HTA,A,1831,559
4OS3,A,1832,559
4OS0,A,1833,559
2KMV,A,1834,815
1X9E,A,1835,816
3MRS,A,1836,499
6AXG,B,1837,160
4KWV,A,1838,7
5AYX,A,1838,7
4PMA,A,1839,101
7MXL,C,1840,817
1B6F,A,1840,817
1BTV,A,1840,817
4BK6,A,1840,817
2EH7,L,1841,7
2B6B,D,1842,818
6R9T,A,1709,7
2O2O,A,1843,7
1WI7,A,1844,7
3EIW,A,1845,819
5F3X,A,1846,820
2KBQ,A,1846,820
3K1R,A,1846,820
3TTL,A,1847,48
2Y9F,A,1848,486
7W0P,R,1849,821
7W55,R,1850,822
7F4D,R,1851,823
8W8Q,C,1852,824
1CZD,A,1853,825
4JMN,A,1854,422
3V3S,A,1855,826
2QPN,A,1855,826
1PHT,A,1856,827
1PKS,A,1856,827
8H36,G,1857,828
7MYN,B,1858,829
1B9K,A,1859,830
3HS8,A,1859,830
1KY6,A,1859,830
2OD1,A,1860,52
6V4P,A,1861,831
4E89,A,1862,832
4HKQ,A,1863,833
2WG4,A,1864,7
1VHH,A,1865,7
2WFX,A,1865,7
3N1R,A,1865,7
3HO5,H,1865,7
3M1N,A,1865,7
3D1M,A,1865,7
1OM9,A,1866,834
1NA8,A,1866,834
1MF2,H,1867,7
5T1V,A,1064,514
5Y8V,A,1868,835
1CGT,A,1869,7
4OF5,A,1870,7
4LP4,A,1870,7
8I9M,B,1870,7
4LP5,A,1870,7
2E5E,A,1870,7
2J6F,A,1871,7
2MCN,A,1871,7
2KRM,A,1871,7
2QHR,L,1872,7
6LRA,L,1872,7
3IR2,A,1873,836
2KEM,A,1873,836
6BWY,A,1874,836
3V4K,A,1873,836
2JYW,A,1873,836
8H0I,A,1875,836
1EO6,A,1876,162
4CO7,A,1876,162
3CKW,A,1877,637
6Q0N,A,1878,7
1N7T,A,1878,7
2DJY,A,1879,7
2KXQ,A,1880,7
5SVE,A,106,7
5KEV,A,1881,837
2CG6,A,1882,94
1O9A,A,1883,838
2AFM,A,1884,388
2ZED,A,1884,388
2ZEF,A,1884,388
2ZEO,A,1884,388
2ZEL,A,1884,388
2ZEN,A,1884,388
2ZEE,A,1884,388
2ZEM,A,1884,388
2ZEP,A,1884,388
3PBE,A,1884,388
2AFS,A,1884,388
2WLW,A,1885,30
2DWX,A,1866,834
1WEU,A,1886,7
1WEN,A,1886,7
2K1J,A,1887,7
1KZW,A,1888,839
1KZX,A,1888,839
1UIU,A,1889,840
1BVN,P,1890,4
1XWH,A,1891,7
3T05,A,1892,841
2KIH,A,1893,842
2K1Z,A,1894,843
6JUE,L,1895,843
6CY9,A,1896,844
1L9V,A,1896,844
7PKO,A,1896,844
6AUK,A,1896,844
2R7J,A,1896,844
4G0J,A,1896,844
4Z88,A,1897,845
4P71,A,1898,846
1DOZ,A,1899,847
1AK1,A,1899,847
2AC2,A,1899,847
2H1V,A,1899,847
3GOQ,A,1899,847
2H1W,A,1899,847
2AC4,A,1899,847
1V49,A,1900,29
2ZJD,A,1900,29
5XAD,A,1900,29
6LAN,A,1900,29
5XAC,A,1900,29
5XAE,A,1901,29
5MS2,B,1900,29
6J04,A,1900,29
3VTW,A,1900,29
3X0W,A,1900,29
3WAO,A,1900,29
5DCN,A,1900,29
3VTU,A,1900,29
3VTV,A,1900,29
4WAA,A,1900,29
5W9A,C,1900,29
1J8F,A,1902,441
6GFL,A,1903,848
2QBW,A,1878,7
3CH8,A,1904,7
1EXT,A,1905,849
1TNR,R,1905,849
2E45,A,1906,850
5N7N,A,1907,851
4KI5,M,1908,852
4XZU,G,1908,852
1IQD,C,1908,852
3J2S,B,1909,7
5J4I,A,1910,853
3LRB,A,1911,853
3FA8,A,1912,276
3LWE,A,1913,854
4BXU,A,1914,855
2W84,A,1914,855
3ZZI,A,1915,856
5IAY,A,1314,52
2WK3,A,1916,857
3HGZ,A,1916,857
2WBY,A,1916,857
3QZ2,A,1916,857
4X08,A,1917,103
4AV3,A,1918,858
4G3L,A,1919,3
2KR0,A,1920,521
2NBV,A,1920,521
5V1Y,A,1920,521
1HRH,A,1921,437
1RDH,A,1922,437
5KGL,A,1923,7
4BWS,C,1924,859
1SYX,B,1924,859
1GYF,A,1924,859
1RU7,A,1925,860
1B73,A,1926,861
1CTX,A,1927,312
1JGN,A,1928,181
3KTP,A,1928,181
2RQG,B,1928,181
1G9L,A,1928,181
3PTH,A,1928,181
3KUR,A,1928,181
2X04,A,1928,181
4QH7,A,1929,7
1RHW,A,1929,7
3BRL,A,1929,7
7NP3,A,1930,216
7NMN,A,1931,216
2NQO,A,1932,764
1MT0,A,1933,862
7VCE,A,1934,7
1O1U,A,1935,863
1OM2,A,1936,53
7K1V,A,1937,864
4WHT,B,1938,7
7LXF,A,1939,865
2XQN,M,1939,865
2IYB,A,1939,865
1EVH,A,1939,865
7LXE,A,1939,865
8UWB,C,1940,7
3C5W,C,1940,7
8RBX,q,1940,7
5L43,A,1941,730
2W53,A,1942,866
1OZS,A,1943,7
1ZXF,A,1944,867
1INL,A,1945,478
3DIW,A,1269,156
4YG7,D,1946,868
5K98,A,1946,868
2WIU,A,1947,868
3TPB,A,1948,868
3TPD,A,1949,868
2FP8,A,1950,869
4AZN,A,1951,72
4AZO,A,1951,72
5GMI,A,1446,662
6WMG,A,1952,870
4DXT,A,1952,870
3UNP,A,1953,870
6WMF,A,1954,870
1GBA,A,1047,506
1GBE,A,1047,506
4LHX,A,1955,550
2FU5,C,1956,550
2KE0,A,1957,7
1P7S,A,124,7
2L78,A,124,7
1P36,A,124,7
138L,A,124,7
118L,A,124,7
120L,A,124,7
122L,A,124,7
206L,A,124,7
224L,A,124,7
123L,A,124,7
119L,A,124,7
125L,A,124,7
221L,A,124,7
1LYF,A,124,7
130L,A,124,7
131L,A,124,7
114L,A,124,7
1L68,A,124,7
165L,A,124,7
234L,A,124,7
230L,A,124,7
233L,A,124,7
1L61,A,124,7
111L,A,124,7
129L,A,124,7
127L,A,124,7
128L,A,124,7
126L,A,124,7
1L55,A,124,7
255L,A,124,7
217L,A,124,7
1QT6,A,124,7
1QTH,A,124,7
196L,A,124,7
1G1V,A,124,7
1LYE,A,124,7
1L87,A,124,7
1L66,A,124,7
1LYG,A,124,7
1L59,A,124,7
109L,A,124,7
166L,A,124,7
1LYJ,A,124,7
239L,A,124,7
1QT4,A,124,7
1L88,A,124,7
1C63,A,124,7
1L67,A,124,7
112L,A,124,7
254L,A,124,7
1G1W,A,124,7
195L,A,124,7
107L,A,124,7
1LLH,A,124,7
113L,A,124,7
1L86,A,124,7
164L,A,124,7
171L,A,124,7
229L,A,124,7
175L,A,124,7
1L39,A,124,7
115L,A,124,7
1QT7,A,124,7
1LYI,A,124,7
1L62,A,124,7
1L95,A,124,7
1L76,A,124,7
1TLA,A,124,7
137L,A,124,7
160L,A,124,7
162L,A,124,7
163L,A,124,7
161L,A,124,7
1QTZ,A,124,7
1LYH,A,124,7
110L,A,124,7
108L,A,124,7
232L,A,124,7
231L,A,124,7
1L65,A,124,7
253L,A,124,7
1C60,A,124,7
1JQU,A,124,7
216L,A,124,7
1QS9,A,124,7
218L,A,124,7
213L,A,124,7
214L,A,124,7
102L,A,124,7
4ARJ,A,124,7
4TN3,A,124,7
6KVX,A,124,7
4XSJ,A,124,7
5BZ6,A,124,7
6JG0,A,124,7
7MWY,A,124,7
4IAP,A,124,7
1AMH,A,1958,21
3HMH,A,1566,233
1Z3K,A,1959,871
4XDN,A,1960,268
5XFN,A,1961,396
1XU1,A,1962,872
1U5X,A,1963,872
1DG4,A,365,7
1BPR,A,365,7
1L1N,A,1964,480
1IJA,A,1965,873
1T2P,A,1965,873
5MQF,q,1966,7
4LXC,A,1967,874
5NMY,A,1967,874
4MYC,A,1968,111
1PKL,A,1969,168
6AR0,A,1970,875
5TNW,A,1073,518
1BT7,A,508,122
1NS3,A,508,122
6CO4,A,1920,521
1V3J,A,1971,7
1V3K,A,1971,7
1D7F,A,1971,7
3JCO,4,1972,610
5FG9,H,1972,610
1FNT,I,1972,610
5FG7,H,1972,610
5BXL,H,1972,610
4YA1,H,1972,610
1G0U,H,1972,610
3V30,A,1515,491
1PK6,A,1973,876
2HLE,A,1974,877
8DYX,A,1975,7
6MB3,A,1975,7
1L2L,A,1976,878
7N9X,AAA,178,7
7N9U,A,178,7
3H47,A,1977,7
5JPA,A,1978,7
7T13,A,178,7
6OMT,A,1979,7
5HGO,A,1980,7
6OBH,B,178,7
6ECN,A,1981,7
8D3B,A,1982,7
2PV1,A,1983,258
1H4L,A,1984,2
7N8X,A,1985,879
7ML7,A,1985,879
6AR6,A,1986,7
7N97,A,1987,7
7N95,A,1988,7
8QEN,A,1989,7
2ZTX,A,1990,480
3ZYE,A,1990,480
3ZZ3,A,1990,480
2ZU1,A,1990,480
4QXT,A,1991,7
6DK3,A,1992,880
5X3V,A,1993,880
6H3C,E,1994,880
6R8F,K,1995,880
2HDV,A,1996,881
3DHG,A,1997,882
5TDV,A,1997,882
1WAO,1,1998,883
3H60,A,1998,883
1NLD,L,1999,7
6Y1K,L,2000,7
5TJD,L,2000,7
6ER2,A,2001,884
5VAU,A,2002,328
1GJH,A,2003,328
6E8H,A,2004,885
2JWP,A,2005,886
1XML,A,2006,887
3DFA,A,2007,750
6HB9,A,1804,162
4XC2,A,1804,162
2BZE,A,287,7
2WIA,A,2008,451
7PCV,A,2009,7
2M3O,W,2010,7
2KPZ,A,2010,7
7KQE,H,2011,7
7LJR,S,2012,7
7ELX,H,2013,7
7PA9,KKK,2014,7
7PA8,HHH,2015,7
3MAV,A,2016,7
7QCS,A,2017,431
1VA8,A,2018,431
4WSI,A,2017,431
7M4R,A,2017,431
4DGV,H,2019,7
1LMZ,A,2020,888
3VA1,A,2021,799
4YHR,A,2022,647
1PLQ,A,2022,647
5ZUT,A,2022,647
6CX3,A,2022,647
6CX4,A,2022,647
3F1W,A,2022,647
6CX2,A,2022,647
6D0R,A,2022,647
6D0Q,A,2022,647
3V60,B,2022,647
5V7M,A,2022,647
3GPM,A,2022,647
5T9D,A,2023,647
5V7K,A,2022,647
5V7L,A,2022,647
4L60,A,2022,647
6W9W,A,2022,647
6WAC,A,2022,647
3K4X,A,2022,647
1N3H,A,2024,122
1N4M,A,2025,187
3POM,A,2026,187
4ELL,A,2027,187
1GH6,B,2028,187
6I7H,A,2029,7
5YGB,A,2030,500
3ICH,A,2031,30
2K4E,A,2032,7
1ULO,A,2033,889
5IBS,A,2034,48
7EMN,A,2035,7
2D9U,A,2036,34
2YMT,A,859,431
2PKU,A,2037,890
2GZV,A,2038,890
2LUI,A,2037,890
5GAI,0,2039,322
8TVR,A,2039,322
1TSP,A,2039,322
1QRB,A,2039,322
1CLW,A,2039,322
1QA2,A,2039,322
1QA3,A,2039,322
1QRC,A,2039,322
1QQ1,A,2039,322
1QA1,A,2039,322
1A1Q,A,508,122
7DE0,A,2040,891
6OXJ,A,2040,891
1C3P,A,2041,892
1HT3,A,2042,893
1IC6,A,2042,893
1D2K,A,2043,183
1LL7,A,2043,183
1LL6,A,2043,183
1ANT,I,2044,7
5C7J,A,2045,894
4YXL,A,2046,895
1B10,A,2046,895
2D0D,A,2047,896
4OCF,A,2048,299
2DFI,A,2049,897
4F1Z,A,2050,898
5B6C,A,109,51
4Z5Y,A,2051,899
3JXP,A,2051,899
1Z1W,A,2052,332
3FEX,C,2053,51
5H43,A,2054,51
7N8J,A,2054,51
5YAY,A,2055,7
1L9U,C,2056,869
1HQM,C,2057,869
3DPH,A,2058,7
3KUP,A,2059,779
4B4P,A,2060,7
1KT0,A,2061,7
7K7Y,A,2062,631
1T3A,A,2063,631
6VGK,A,2064,900
1DBA,L,2065,7
2PCD,M,2066,331
2EB7,A,2067,901
3GFM,A,2067,901
3GFJ,A,2067,901
3GFL,A,2067,901
3DS2,A,2068,7
